firstName,middleName,lastName,primaryContact,secondaryContact,emailAddress,gender,totalExperience,relevantExperience,lastCompany,candidateSource,onboardStatus,financialYear,marketOffering,subBusinessLine,competency,subCompetency,department,businessEntity,level
Artie,,,26-4436469,,arolf0@is.gd,Male,0,0,,Net Sourcing,Joined,FY14 P1,Regulatory & Operational Risk,PROD STAFF,MS&P CIS,ValueD,Quality Assurance,USI,Consultant
Janeta,,,52-5975696,,acloutt1@tamu.edu,Female,0,0,,Net Sourcing,Joined,FY14 P1,Regulatory & Operational Risk,PROD STAFF,MS&P CIS,ValueD,Business Analyst,USI,Consultant
Reamonn,,,21-3977002,,ghaslen2@jiathis.com,Male,0,0,,Net Sourcing,Joined,FY14 P1,Regulatory & Operational Risk,PROD STAFF,MS&P CIS,ValueD,Others,USI,Consultant
Vishunu,,PMO,45-4986488,,fdebiasio3@who.int,Female,0,0,,Net Sourcing,Joined,FY14 P1,Regulatory & Operational Risk,PROD STAFF,MS&P CIS,ValueD,Development,USI,Manager
Harsha,,Bhatt,62-8626716,,pkuhlmey4@is.gd,Female,0,0,,Net Sourcing,Joined,FY14 P1,Regulatory & Operational Risk,PROD STAFF,MS&P CIS,ValueD,Development,USI,Manager
Anish,,Chauhan,19-2879186,,jpack5@nba.com,Male,0,0,,Net Sourcing,Joined,FY14 P1,Regulatory & Operational Risk,PROD STAFF,MS&P CIS,ValueD,Development,USI,Manager
Michelle,,,29-3601134,,bcannell6@hp.com,Female,0,0,,Net Sourcing,Joined,FY14 P1,Regulatory & Operational Risk,PROD STAFF,MS&P CIS,ValueD,Development,USI,Consultant
Hanson,,,39-6451178,,lplaunch7@hubpages.com,Male,0,0,,Net Sourcing,Joined,FY14 P1,Regulatory & Operational Risk,PROD STAFF,MS&P CIS,ValueD,Development,USI,Consultant
Conrad,,,21-7579457,,hcastelain8@marketwatch.com,Male,0,0,,Net Sourcing,Joined,FY14 P1,Regulatory & Operational Risk,PROD STAFF,MS&P CIS,ValueD,Development,USI,Consultant
Adele,,,03-9857896,,pbarkaway9@sbwire.com,Female,0,0,,Net Sourcing,Joined,FY14 P1,Regulatory & Operational Risk,PROD STAFF,MS&P CIS,ValueD,Development,USI,Consultant
Ashli,,,15-8945429,,ccoolsona@youtu.be,Female,0,0,,Net Sourcing,Joined,FY14 P1,Regulatory & Operational Risk,PROD STAFF,MS&P CIS,ValueD,Development,USI,Consultant
Esta,,,53-2365373,,dfrakeb@technorati.com,Female,0,0,,Net Sourcing,Joined,FY14 P1,Regulatory & Operational Risk,PROD STAFF,MS&P CIS,ValueD,Development,USI,Consultant
Ezekiel,,,04-8259659,,aastillc@accuweather.com,Male,0,0,,Net Sourcing,Joined,FY14 P1,Regulatory & Operational Risk,PROD STAFF,MS&P CIS,ValueD,Development,USI,Consultant
Roderic,,,81-1437362,,mstonbridged@php.net,Male,0,0,,Net Sourcing,Joined,FY14 P1,Regulatory & Operational Risk,PROD STAFF,MS&P CIS,ValueD,Development,USI,Consultant
Sigismund,,,04-0200192,,hbeldersone@latimes.com,Male,0,0,,Net Sourcing,Joined,FY14 P1,Regulatory & Operational Risk,PROD STAFF,MS&P CIS,ValueD,Development,USI,Consultant
Alta,,,10-9279573,,nfairburnef@amazon.co.jp,Female,0,0,,Net Sourcing,Joined,FY14 P1,Regulatory & Operational Risk,PROD STAFF,MS&P CIS,ValueD,Development,USI,Consultant
Melantha,,,41-0930686,,dluckhamg@nba.com,Female,0,0,,Net Sourcing,Joined,FY14 P1,Regulatory & Operational Risk,PROD STAFF,MS&P CIS,ValueD,Development,USI,Consultant
Dukie,,,75-0710809,,rpealingh@nytimes.com,Male,0,0,,Net Sourcing,Joined,FY14 P1,Regulatory & Operational Risk,PROD STAFF,MS&P CIS,ValueD,Development,USI,Consultant
Trevar,,,82-2103146,,zclymai@woothemes.com,Male,0,0,,Net Sourcing,Joined,FY14 P1,Regulatory & Operational Risk,PROD STAFF,MS&P CIS,ValueD,Development,USI,Consultant
Fina,,,98-8486113,,lbuzzingj@nature.com,Female,0,0,,Net Sourcing,Joined,FY14 P1,Regulatory & Operational Risk,PROD STAFF,MS&P CIS,ValueD,Development,USI,Consultant
Gavrielle,,,81-7140677,,ehewk@example.com,Female,0,0,,Net Sourcing,Joined,FY14 P1,Regulatory & Operational Risk,PROD STAFF,MS&P CIS,ValueD,Development,USI,Consultant
Alwyn,,,34-9704258,,lrowatl@xing.com,Male,0,0,,Net Sourcing,Joined,FY14 P1,Regulatory & Operational Risk,PROD STAFF,MS&P CIS,ValueD,Development,USI,Consultant
Hakim,,,23-7579314,,csparwellm@ox.ac.uk,Male,0,0,,Net Sourcing,Joined,FY14 P1,Regulatory & Operational Risk,PROD STAFF,MS&P CIS,ValueD,Development,USI,Consultant
Rick,,,44-3089179,,bspaulen@google.com.hk,Male,0,0,,Net Sourcing,Joined,FY14 P1,Regulatory & Operational Risk,PROD STAFF,MS&P CIS,ValueD,Development,USI,Consultant
Irving,,,83-9361843,,csimonyo@myspace.com,Male,0,0,,Net Sourcing,Joined,FY14 P1,Regulatory & Operational Risk,PROD STAFF,MS&P,Decipher,Development,USI,Consultant
Elvyn,,,33-5121519,,cferenczp@ca.gov,Male,0,0,,Net Sourcing,Joined,FY14 P1,Regulatory & Operational Risk,PROD STAFF,MS&P,Decipher,Development,USI,Consultant
Lucien,,,38-6702687,,nbowtonq@ihg.com,Male,0,0,,Net Sourcing,Joined,FY14 P1,Regulatory & Operational Risk,PROD STAFF,MS&P,Decipher,Development,USI,Consultant
Blinny,,,69-4890324,,mairetonr@nifty.com,Female,0,0,,Net Sourcing,Joined,FY14 P1,Regulatory & Operational Risk,PROD STAFF,MS&P,Decipher,Quality Assurance,USI,Consultant
Laura,,,77-3370028,,drosells@mtv.com,Female,0,0,,Net Sourcing,Joined,FY14 P1,Regulatory & Operational Risk,PROD STAFF,MS&P,Decipher,Business Analyst,USI,Consultant
Amandie,,,50-3361311,,amadgewickt@surveymonkey.com,Female,0,0,,Net Sourcing,Joined,FY14 P1,Regulatory & Operational Risk,PROD STAFF,MS&P,Decipher,Quality Assurance,US,Consultant
Roy,,,49-5886847,,hstollwerku@tiny.cc,Male,0,0,,Net Sourcing,Joined,FY14 P1,Regulatory & Operational Risk,PROD STAFF,MS&P,Decipher,Business Analyst,US,Consultant
Wait,,,31-5554609,,jeastamv@blinklist.com,Male,0,0,,Net Sourcing,Joined,FY14 P1,Regulatory & Operational Risk,PROD STAFF,MS&P,Decipher,Others,Others,Consultant
Alasdair,,,82-6684039,,hmattingsonw@washingtonpost.com,Male,0,0,,Net Sourcing,Joined,FY14 P1,Regulatory & Operational Risk,PROD STAFF,MS&P,Decipher,Others,Others,Consultant
Earvin,,,92-5567749,,kfriskeyx@twitpic.com,Male,0,0,,Net Sourcing,Joined,FY14 P1,Regulatory & Operational Risk,PROD STAFF,MS&P,Decipher,Others,Others,Consultant
Cassaundra,,,63-9514674,,agourlayy@gmpg.org,Female,0,0,,Net Sourcing,Joined,FY14 P1,Regulatory & Operational Risk,PROD STAFF,MS&P,Decipher,Others,Others,Consultant
Ferdinanda,,,86-5850071,,hmulqueenyz@mit.edu,Female,0,0,,Net Sourcing,Joined,FY14 P1,Regulatory & Operational Risk,PROD STAFF,MS&P,Decipher,Others,Others,Consultant
Ottilie,,,07-5474473,,rkeilty10@wisc.edu,Female,0,0,,Net Sourcing,Joined,FY14 P1,Regulatory & Operational Risk,PROD STAFF,MS&P,Decipher,Others,Others,Consultant
Zaneta,,,69-0830853,,tmatthew11@prweb.com,Female,0,0,,Net Sourcing,Joined,FY14 P1,Regulatory & Operational Risk,PROD STAFF,MS&P,Decipher,Others,Others,Consultant
Audre,,,25-1627355,,cbrunon12@boston.com,Female,0,0,,Net Sourcing,Joined,FY14 P1,Regulatory & Operational Risk,PROD STAFF,MS&P,Dera,Quality Assurance,USI,Consultant
Peggie,,,80-6649498,,hwadhams13@wordpress.com,Female,0,0,,Net Sourcing,Joined,FY14 P1,Regulatory & Operational Risk,PROD STAFF,MS&P,Dera,Quality Assurance,USI,Consultant
Malena,,,29-9108122,,datrill14@blogtalkradio.com,Female,0,0,,Net Sourcing,Joined,FY14 P1,Regulatory & Operational Risk,PROD STAFF,MS&P,Dera,Development,USI,Consultant
Trenna,,,39-7077657,,dmaxted15@sciencedirect.com,Female,0,0,,Net Sourcing,Joined,FY14 P1,Regulatory & Operational Risk,PROD STAFF,MS&P,Dera,Development,USI,Consultant
Ody,,,81-2575554,,nmoncur16@sbwire.com,Male,0,0,,Net Sourcing,Joined,FY14 P1,Regulatory & Operational Risk,PROD STAFF,MS&P,Dera,Development,USI,Consultant
Demetre,,,20-4992451,,salen17@webs.com,Male,0,0,,Net Sourcing,Joined,FY14 P1,Regulatory & Operational Risk,PROD STAFF,MS&P,Dera,Development,USI,Consultant
Marney,,,57-1559694,,cmccadden18@ebay.co.uk,Female,0,0,,Net Sourcing,Joined,FY14 P1,Regulatory & Operational Risk,PROD STAFF,MS&P,Dera,Development,USI,Consultant
Shena,,,71-6125777,,igummary19@slashdot.org,Female,0,0,,Net Sourcing,Joined,FY14 P1,Regulatory & Operational Risk,PROD STAFF,MS&P,Dera,Development,USI,Consultant
Jim,,,99-4976433,,iholme1a@ihg.com,Male,0,0,,Net Sourcing,Joined,FY14 P1,Regulatory & Operational Risk,PROD STAFF,MS&P,Dera,Development,USI,Consultant
Myron,,,83-3206361,,msille1b@ucoz.com,Male,0,0,,Net Sourcing,Joined,FY14 P1,Regulatory & Operational Risk,PROD STAFF,MS&P,Dera,Development,USI,Consultant
Rivi,,,82-0249676,,bweatherall1c@nationalgeographic.com,Female,0,0,,Net Sourcing,Joined,FY14 P1,Regulatory & Operational Risk,PROD STAFF,MS&P,Dera,Development,USI,Consultant
Belicia,,,83-4393829,,dmaplestone1d@nifty.com,Female,0,0,,Net Sourcing,Joined,FY14 P1,Regulatory & Operational Risk,PROD STAFF,MS&P,Dera,Development,USI,Consultant
Luis,,,25-2986622,,dstraine1e@nbcnews.com,Male,0,0,,Net Sourcing,Joined,FY14 P1,Regulatory & Operational Risk,PROD STAFF,MS&P,Dera,Development,USI,Consultant
Sheree,,,58-7696593,,ffreddi1f@businessinsider.com,Female,0,0,,Net Sourcing,Joined,FY14 P1,Regulatory & Operational Risk,PROD STAFF,MS&P,Dera,Development,USI,Consultant
Kelsey,,,90-3485243,,ginsworth1g@yolasite.com,Female,0,0,,Net Sourcing,Joined,FY14 P1,Regulatory & Operational Risk,PROD STAFF,MS&P,Dera,Development,USI,Consultant
Norris,,,55-0639165,,tweine1h@delicious.com,Male,0,0,,Net Sourcing,Joined,FY14 P1,Regulatory & Operational Risk,PROD STAFF,MS&P,Dera,Development,USI,Consultant
Cherise,,,30-3495270,,tlilford1i@usgs.gov,Female,0,0,,Net Sourcing,Joined,FY14 P1,Regulatory & Operational Risk,PROD STAFF,MS&P,Dera,Development,USI,Consultant
Jerrome,,,29-0488769,,gjerrome1j@pinterest.com,Male,0,0,,Net Sourcing,Joined,FY14 P1,Regulatory & Operational Risk,PROD STAFF,MS&P,Dera,Others,US,Consultant
Ignacius,,,98-9722280,,bsturte1k@histats.com,Male,0,0,,Net Sourcing,Joined,FY14 P1,Regulatory & Operational Risk,PROD STAFF,MS&P,Dera,Others,US,Consultant
Orel,,,88-3354393,,ihandasyde1l@google.co.uk,Female,0,0,,Net Sourcing,Joined,FY14 P1,Regulatory & Operational Risk,PROD STAFF,MS&P,Dera,Others,US,Consultant
Nixie,,,22-4472626,,cgon1m@patch.com,Female,0,0,,Net Sourcing,Joined,FY14 P1,Regulatory & Operational Risk,PROD STAFF,MS&P,Dera,Others,US,Consultant
Nicol,,,76-9335434,,evoice1n@domainmarket.com,Male,0,0,,Net Sourcing,Joined,FY14 P1,Regulatory & Operational Risk,PROD STAFF,MS&P,Dera,Others,US,Consultant
Nickolaus,,,37-3800044,,hcecely1o@marriott.com,Male,0,0,,Net Sourcing,Joined,FY14 P1,Regulatory & Operational Risk,PROD STAFF,MS&P CIS,Chargebacks,Quality Assurance,USI,Consultant
Ramesh,,Ramaswamy,26-6779317,,mnormant1p@people.com.cn,Male,0,0,,Net Sourcing,Joined,FY14 P1,Regulatory & Operational Risk,PROD STAFF,MS&P CIS,Chargebacks,Development,USI,Manager
Tomaso,,,23-3630334,,ealexis1q@unc.edu,Male,0,0,,Net Sourcing,Joined,FY14 P1,Regulatory & Operational Risk,PROD STAFF,MS&P CIS,Chargebacks,Development,USI,Consultant
Giles,,,11-1775469,,aormistone1r@4shared.com,Male,0,0,,Net Sourcing,Joined,FY14 P1,Regulatory & Operational Risk,PROD STAFF,MS&P CIS,Chargebacks,Development,USI,Consultant
Darrelle,,,69-1590444,,pulster1s@ebay.co.uk,Female,0,0,,Net Sourcing,Joined,FY14 P1,Regulatory & Operational Risk,PROD STAFF,MS&P CIS,Chargebacks,Development,USI,Consultant
Ethelyn,,,08-3789615,,hleeds1t@thetimes.co.uk,Female,0,0,,Net Sourcing,Joined,FY14 P1,Regulatory & Operational Risk,PROD STAFF,MS&P CIS,Chargebacks,Development,USI,Consultant
Makendran,,,41-7020817,,lbalderson1u@wired.com,Male,0,0,,Net Sourcing,Joined,FY14 P1,Regulatory & Operational Risk,PROD STAFF,MS&P CIS,Chargebacks,Others,USI,Manager
Vicki,,,45-1702176,,sbrockest1v@artisteer.com,Female,0,0,,Net Sourcing,Joined,FY14 P1,Assurance & Internal Audit,PROD STAFF,MS&P ACTT,Actt,Development,USI,Consultant
Devy,,,40-2824407,,ccrafts1w@baidu.com,Male,0,0,,Net Sourcing,Joined,FY14 P1,Assurance & Internal Audit,PROD STAFF,MS&P ACTT,Actt,Development,USI,Consultant
Torry,,,07-5249059,,svalder1x@mozilla.com,Male,0,0,,Net Sourcing,Joined,FY14 P1,Assurance & Internal Audit,PROD STAFF,MS&P ACTT,Actt,Development,USI,Consultant
Gibb,,,71-9658554,,dcapelen1y@ed.gov,Male,0,0,,Net Sourcing,Joined,FY14 P1,Assurance & Internal Audit,PROD STAFF,MS&P ACTT,Actt,Development,USI,Consultant
Roseann,,,77-8400849,,tlassells1z@redcross.org,Female,0,0,,Net Sourcing,Joined,FY14 P1,Assurance & Internal Audit,PROD STAFF,MS&P ACTT,Actt,Development,USI,Consultant
Abel,,,76-4010177,,mcisec20@aboutads.info,Male,0,0,,Net Sourcing,Joined,FY14 P1,Assurance & Internal Audit,PROD STAFF,MS&P ACTT,Actt,Business Analyst,USI,Consultant
Rorke,,,64-9019334,,ljacob21@weebly.com,Male,0,0,,Net Sourcing,Joined,FY14 P1,Assurance & Internal Audit,PROD STAFF,MS&P ACTT,Actt,Business Analyst,USI,Consultant
Wilmer,,,55-1356603,,jwalas22@acquirethisname.com,Male,0,0,,Net Sourcing,Joined,FY14 P1,Assurance & Internal Audit,PROD STAFF,MS&P ACTT,Actt,Business Analyst,USI,Consultant
Ag,,,29-6274099,,cbuckenham23@tinyurl.com,Female,0,0,,Net Sourcing,Joined,FY14 P1,Assurance & Internal Audit,PROD STAFF,MS&P ACTT,Actt,Business Analyst,USI,Consultant
Michell,,,18-4978533,,glowten24@acquirethisname.com,Female,0,0,,Net Sourcing,Joined,FY14 P1,Assurance & Internal Audit,PROD STAFF,MS&P ACTT,Actt,Business Analyst,USI,Consultant
Rosanne,,,95-7769142,,mjiggen25@hibu.com,Female,0,0,,Net Sourcing,Joined,FY14 P1,Assurance & Internal Audit,PROD STAFF,MS&P ACTT,Actt,Business Analyst,USI,Consultant
Jordain,,,95-7298288,,lberendsen26@github.com,Female,0,0,,Net Sourcing,Joined,FY14 P1,Assurance & Internal Audit,PROD STAFF,MS&P ACTT,Actt,Business Analyst,USI,Consultant
Olin,,,18-9996764,,lpriest27@last.fm,Male,0,0,,Net Sourcing,Joined,FY14 P1,Assurance & Internal Audit,PROD STAFF,MS&P ACTT,Actt,Others,USI,Consultant
Sherwynd,,,53-7395690,,spaolotto28@vimeo.com,Male,0,0,,Net Sourcing,Joined,FY14 P1,Assurance & Internal Audit,PROD STAFF,MS&P ACTT,Actt,Others,USI,Consultant
Ban,,,07-9959477,,msummerrell29@washington.edu,Male,0,0,,Net Sourcing,Joined,FY14 P1,Assurance & Internal Audit,PROD STAFF,MS&P ACTT,Actt,Others,USI,Consultant
Alaster,,,54-0969202,,kcollinette2a@accuweather.com,Male,0,0,,Net Sourcing,Joined,FY14 P1,Assurance & Internal Audit,PROD STAFF,MS&P ACTT,Actt,Others,US,Consultant
Devonna,,,44-3339507,,lhoppner2b@slate.com,Female,0,0,,Net Sourcing,Joined,FY14 P1,Assurance & Internal Audit,PROD STAFF,MS&P ACTT,Actt,Others,US,Consultant
Ana,,,52-1433116,,rsaer2c@vistaprint.com,Female,0,0,,Net Sourcing,Joined,FY14 P1,Assurance & Internal Audit,PROD STAFF,MS&P ACTT,Actt,Others,US,Consultant
Tiler,,,68-7817960,,tsanto2d@blinklist.com,Male,0,0,,Net Sourcing,Joined,FY14 P1,Risk Intelligence,PROD STAFF,MS&P LRA,TrueView,Quality Assurance,USI,Consultant
Keith,,,69-1705936,,eeagland2e@miitbeian.gov.cn,Male,0,0,,Net Sourcing,Joined,FY14 P1,Risk Intelligence,PROD STAFF,MS&P LRA,TrueView,Quality Assurance,USI,Consultant
Galen,,,20-1058842,,rmeneely2f@dedecms.com,Male,0,0,,Net Sourcing,Joined,FY14 P1,Risk Intelligence,PROD STAFF,MS&P LRA,TrueView,Quality Assurance,USI,Consultant
Jedediah,,,02-2414270,,nayce2g@facebook.com,Male,0,0,,Net Sourcing,Joined,FY14 P1,Risk Intelligence,PROD STAFF,MS&P LRA,TrueView,Quality Assurance,USI,Consultant
Roselia,,,52-0522516,,ndunk2h@google.es,Female,0,0,,Net Sourcing,Joined,FY14 P1,Risk Intelligence,PROD STAFF,MS&P LRA,TrueView,Quality Assurance,USI,Consultant
Lloyd,,,88-0096172,,trozzier2i@usda.gov,Male,0,0,,Net Sourcing,Joined,FY14 P1,Risk Intelligence,PROD STAFF,MS&P LRA,TrueView,Quality Assurance,USI,Consultant
Roanne,,,92-2032661,,gburghill2j@creativecommons.org,Female,0,0,,Net Sourcing,Joined,FY14 P1,Risk Intelligence,PROD STAFF,MS&P LRA,TrueView,Quality Assurance,USI,Consultant
Diandra,,,41-6052508,,dscouler2k@ow.ly,Female,0,0,,Net Sourcing,Joined,FY14 P1,Risk Intelligence,PROD STAFF,MS&P LRA,TrueView,Quality Assurance,USI,Consultant
Gerardo,,,87-9308573,,rovens2l@creativecommons.org,Male,0,0,,Net Sourcing,Joined,FY14 P1,Risk Intelligence,PROD STAFF,MS&P LRA,TrueView,Quality Assurance,USI,Consultant
Lacee,,,81-6272851,,npedwell2m@sina.com.cn,Female,0,0,,Net Sourcing,Joined,FY14 P1,Risk Intelligence,PROD STAFF,MS&P LRA,TrueView,Quality Assurance,USI,Consultant
Ahmed,,,56-9510633,,cbadham2n@google.ru,Male,0,0,,Net Sourcing,Joined,FY14 P1,Risk Intelligence,PROD STAFF,MS&P LRA,TrueView,Quality Assurance,USI,Consultant
Land,,,39-3042311,,radkin2o@e-recht24.de,Male,0,0,,Net Sourcing,Joined,FY14 P1,Risk Intelligence,PROD STAFF,MS&P LRA,TrueView,Quality Assurance,USI,Consultant
Redford,,,63-6684558,,hhoyt2p@taobao.com,Male,0,0,,Net Sourcing,Joined,FY14 P1,Risk Intelligence,PROD STAFF,MS&P LRA,TrueView,Quality Assurance,USI,Consultant
Alejandrina,,,64-8508750,,npriddey2q@techcrunch.com,Female,0,0,,Net Sourcing,Joined,FY14 P1,Risk Intelligence,PROD STAFF,MS&P LRA,TrueView,Quality Assurance,USI,Consultant
Mariellen,,,50-7488417,,awauchope2r@omniture.com,Female,0,0,,Net Sourcing,Joined,FY14 P1,Risk Intelligence,PROD STAFF,MS&P LRA,TrueView,Quality Assurance,USI,Consultant
Selle,,,69-5047975,,fgruczka2s@washingtonpost.com,Female,0,0,,Net Sourcing,Joined,FY14 P1,Risk Intelligence,PROD STAFF,MS&P LRA,TrueView,Quality Assurance,USI,Consultant
Julianna,,,23-9427131,,fsilkston2t@slate.com,Female,0,0,,Net Sourcing,Joined,FY14 P1,Risk Intelligence,PROD STAFF,MS&P LRA,TrueView,Development,USI,Consultant
Ermina,,,68-2534514,,hslay2u@tuttocitta.it,Female,0,0,,Net Sourcing,Joined,FY14 P1,Risk Intelligence,PROD STAFF,MS&P LRA,TrueView,Development,USI,Consultant
Holly,,,71-7631282,,fvarty2v@reuters.com,Male,0,0,,Net Sourcing,Joined,FY14 P1,Risk Intelligence,PROD STAFF,MS&P LRA,TrueView,Development,USI,Consultant
Cassaundra,,,08-0199935,,tmcevay2w@mapquest.com,Female,0,0,,Net Sourcing,Joined,FY14 P1,Risk Intelligence,PROD STAFF,MS&P LRA,TrueView,Development,USI,Consultant
Jonell,,,84-1625254,,aklauer2x@hud.gov,Female,0,0,,Net Sourcing,Joined,FY14 P1,Risk Intelligence,PROD STAFF,MS&P LRA,TrueView,Development,USI,Consultant
Padget,,,17-4823846,,bwigfield2y@miitbeian.gov.cn,Male,0,0,,Net Sourcing,Joined,FY14 P1,Risk Intelligence,PROD STAFF,MS&P LRA,TrueView,Development,USI,Consultant
Washington,,,20-8351709,,jsell2z@infoseek.co.jp,Male,0,0,,Net Sourcing,Joined,FY14 P1,Risk Intelligence,PROD STAFF,MS&P LRA,TrueView,Development,USI,Consultant
Anstice,,,33-6396722,,fcogar30@ow.ly,Female,0,0,,Net Sourcing,Joined,FY14 P1,Risk Intelligence,PROD STAFF,MS&P LRA,TrueView,Development,USI,Consultant
Niles,,,09-2481818,,lhedley31@cnet.com,Male,0,0,,Net Sourcing,Joined,FY14 P1,Risk Intelligence,PROD STAFF,MS&P LRA,TrueView,Development,USI,Consultant
Wildon,,,09-6211932,,blittlechild32@japanpost.jp,Male,0,0,,Net Sourcing,Joined,FY14 P1,Risk Intelligence,PROD STAFF,MS&P LRA,TrueView,Development,USI,Consultant
Elenore,,,16-9328034,,tamsberger33@independent.co.uk,Female,0,0,,Net Sourcing,Joined,FY14 P1,Risk Intelligence,PROD STAFF,MS&P LRA,TrueView,Development,USI,Consultant
Emiline,,,75-9091073,,vmillen34@weibo.com,Female,0,0,,Net Sourcing,Joined,FY14 P1,Risk Intelligence,PROD STAFF,MS&P LRA,TrueView,Development,USI,Consultant
Ellswerth,,,49-5564276,,idurbin35@telegraph.co.uk,Male,0,0,,Net Sourcing,Joined,FY14 P1,Risk Intelligence,PROD STAFF,MS&P LRA,TrueView,Development,USI,Consultant
Wat,,,91-1451900,,fhardistry36@geocities.jp,Male,0,0,,Net Sourcing,Joined,FY14 P1,Risk Intelligence,PROD STAFF,MS&P LRA,TrueView,Development,USI,Consultant
Virge,,,13-7240194,,gbedbrough37@cisco.com,Male,0,0,,Net Sourcing,Joined,FY14 P1,Risk Intelligence,PROD STAFF,MS&P LRA,TrueView,Development,USI,Consultant
Merline,,,25-5015165,,bplane38@cargocollective.com,Female,0,0,,Net Sourcing,Joined,FY14 P1,Risk Intelligence,PROD STAFF,MS&P LRA,TrueView,Development,USI,Consultant
Trudy,,,91-4278339,,ejansa39@noaa.gov,Female,0,0,,Net Sourcing,Joined,FY14 P1,Risk Intelligence,PROD STAFF,MS&P LRA,TrueView,Development,USI,Consultant
Morganne,,,37-0821188,,fbeddard3a@ox.ac.uk,Female,0,0,,Net Sourcing,Joined,FY14 P1,Risk Intelligence,PROD STAFF,MS&P LRA,TrueView,Development,USI,Consultant
Lola,,,50-3648002,,kbasek3b@prlog.org,Female,0,0,,Net Sourcing,Joined,FY14 P1,Risk Intelligence,PROD STAFF,MS&P LRA,TrueView,Development,USI,Consultant
Darby,,,44-4102169,,lsculley3c@marriott.com,Male,0,0,,Net Sourcing,Joined,FY14 P1,Risk Intelligence,PROD STAFF,MS&P LRA,TrueView,Development,USI,Consultant
Heidi,,,52-9595011,,atoward3d@wordpress.com,Female,0,0,,Net Sourcing,Joined,FY14 P1,Risk Intelligence,PROD STAFF,MS&P LRA,TrueView,Development,USI,Consultant
Tanhya,,,74-9078456,,kchmarny3e@nps.gov,Female,0,0,,Net Sourcing,Joined,FY14 P1,Risk Intelligence,PROD STAFF,MS&P LRA,TrueView,Development,USI,Consultant
Irv,,,13-0895338,,mbaudassi3f@de.vu,Male,0,0,,Net Sourcing,Joined,FY14 P1,Risk Intelligence,PROD STAFF,MS&P LRA,TrueView,Development,USI,Consultant
Ros,,,61-6785732,,fblanckley3g@qq.com,Female,0,0,,Net Sourcing,Joined,FY14 P1,Risk Intelligence,PROD STAFF,MS&P LRA,TrueView,Development,USI,Consultant
Nickola,,,64-6633765,,asirmon3h@xinhuanet.com,Male,0,0,,Net Sourcing,Joined,FY14 P1,Risk Intelligence,PROD STAFF,MS&P LRA,TrueView,Development,USI,Consultant
Jermain,,,94-1618463,,mlorens3i@amazon.co.uk,Male,0,0,,Net Sourcing,Joined,FY14 P1,Risk Intelligence,PROD STAFF,MS&P LRA,TrueView,Development,USI,Consultant
Angelique,,,86-9373294,,rklimkov3j@ycombinator.com,Female,0,0,,Net Sourcing,Joined,FY14 P1,Risk Intelligence,PROD STAFF,MS&P LRA,TrueView,Development,USI,Consultant
Juliette,,,01-3577730,,femes3k@slate.com,Female,0,0,,Net Sourcing,Joined,FY14 P1,Risk Intelligence,PROD STAFF,MS&P LRA,TrueView,Development,USI,Consultant
Abeu,,,19-7110759,,rmanketell3l@discuz.net,Male,0,0,,Net Sourcing,Joined,FY14 P1,Risk Intelligence,PROD STAFF,MS&P LRA,TrueView,Development,USI,Consultant
Aleece,,,62-5681394,,fspilling3m@hc360.com,Female,0,0,,Net Sourcing,Joined,FY14 P1,Risk Intelligence,PROD STAFF,MS&P LRA,TrueView,Development,USI,Consultant
Heloise,,,74-5011732,,swestney3n@upenn.edu,Female,0,0,,Net Sourcing,Joined,FY14 P1,Risk Intelligence,PROD STAFF,MS&P LRA,TrueView,Development,USI,Consultant
Celinka,,,15-7110966,,bradbond3o@va.gov,Female,0,0,,Net Sourcing,Joined,FY14 P1,Risk Intelligence,PROD STAFF,MS&P LRA,TrueView,Development,USI,Consultant
Skye,,,79-1143470,,rdurdle3p@ox.ac.uk,Male,0,0,,Net Sourcing,Joined,FY14 P1,Risk Intelligence,PROD STAFF,MS&P LRA,TrueView,Development,USI,Consultant
Panchito,,,86-8311623,,mspafford3q@weather.com,Male,0,0,,Net Sourcing,Joined,FY14 P1,Risk Intelligence,PROD STAFF,MS&P LRA,TrueView,Development,USI,Consultant
Jareb,,,85-4248639,,ytaberner3r@i2i.jp,Male,0,0,,Net Sourcing,Joined,FY14 P1,Risk Intelligence,PROD STAFF,MS&P LRA,TrueView,Development,USI,Consultant
Elihu,,,59-6332087,,smackilpatrick3s@statcounter.com,Male,0,0,,Net Sourcing,Joined,FY14 P1,Risk Intelligence,PROD STAFF,MS&P LRA,TrueView,Development,USI,Consultant
Goldy,,,00-4784442,,mmulford3t@ask.com,Female,0,0,,Net Sourcing,Joined,FY14 P1,Risk Intelligence,PROD STAFF,MS&P LRA,TrueView,Development,USI,Consultant
Deina,,,29-1745459,,holerenshaw3u@samsung.com,Female,0,0,,Net Sourcing,Joined,FY14 P1,Risk Intelligence,PROD STAFF,MS&P LRA,TrueView,Development,USI,Consultant
Darren,,,56-9305135,,cengel3v@cornell.edu,Male,0,0,,Net Sourcing,Joined,FY14 P1,Risk Intelligence,PROD STAFF,MS&P LRA,TrueView,Business Analyst,USI,Consultant
Vi,,,99-6766722,,hmonument3w@gravatar.com,Female,0,0,,Net Sourcing,Joined,FY14 P1,Risk Intelligence,PROD STAFF,MS&P LRA,TrueView,Others,USI,Consultant
Gerry,,,24-0732786,,dabbotts3x@opera.com,Male,0,0,,Net Sourcing,Joined,FY14 P1,Risk Intelligence,PROD STAFF,MS&P LRA,TrueView,Others,USI,Consultant
Cy,,,30-5405166,,fsmithers3y@japanpost.jp,Male,0,0,,Net Sourcing,Joined,FY14 P1,Risk Intelligence,PROD STAFF,MS&P LRA,TrueView,Others,USI,Consultant
Tamiko,,,91-2116635,,dtaplow3z@hostgator.com,Female,0,0,,Net Sourcing,Joined,FY14 P1,Risk Intelligence,PROD STAFF,MS&P LRA,TrueView,Others,USI,Consultant
Daffi,,,88-2597054,,uglyn40@ezinearticles.com,Female,0,0,,Net Sourcing,Joined,FY14 P1,Risk Intelligence,PROD STAFF,MS&P LRA,TrueView,Others,USI,Consultant
Camellia,,,55-0219543,,gwain41@networksolutions.com,Female,0,0,,Net Sourcing,Joined,FY14 P1,Risk Intelligence,PROD STAFF,MS&P LRA,TrueView,Others,USI,Consultant
Foster,,,88-7432358,,ndalrymple42@oracle.com,Male,0,0,,Net Sourcing,Joined,FY14 P1,Risk Intelligence,PROD STAFF,MS&P LRA,TrueView,Others,USI,Consultant
Edsel,,,03-9381972,,dtranter43@soundcloud.com,Male,0,0,,Net Sourcing,Joined,FY14 P1,Risk Intelligence,PROD STAFF,MS&P LRA,TrueView,Others,USI,Consultant
Oralie,,,56-0531246,,gsneyd44@over-blog.com,Female,0,0,,Net Sourcing,Joined,FY14 P1,Risk Intelligence,PROD STAFF,MS&P LRA,TrueView,Others,USI,Consultant
Sonnie,,,74-7491534,,bhairs45@people.com.cn,Male,0,0,,Net Sourcing,Joined,FY14 P1,Risk Intelligence,PROD STAFF,MS&P LRA,TrueView,Others,USI,Consultant
Rosabella,,,30-2457715,,credmile46@nbcnews.com,Female,0,0,,Net Sourcing,Joined,FY14 P1,Risk Intelligence,PROD STAFF,MS&P LRA,TrueView,Others,USI,Consultant
Lila,,,19-1377295,,nskelington47@lulu.com,Female,0,0,,Net Sourcing,Joined,FY14 P1,Risk Intelligence,PROD STAFF,MS&P LRA,TrueView,Others,USI,Consultant
Ilyse,,,73-9959030,,tbarkus48@baidu.com,Female,0,0,,Net Sourcing,Joined,FY14 P1,Risk Intelligence,PROD STAFF,MS&P LRA,TrueView,Quality Assurance,US,Consultant
Mavra,,,71-3741061,,jkerswell49@prweb.com,Female,0,0,,Net Sourcing,Joined,FY14 P1,Risk Intelligence,PROD STAFF,MS&P LRA,TrueView,Quality Assurance,US,Consultant
Ludovika,,,48-4573880,,msmithson4a@cafepress.com,Female,0,0,,Net Sourcing,Joined,FY14 P1,Risk Intelligence,PROD STAFF,MS&P LRA,TrueView,Quality Assurance,US,Consultant
Kally,,,97-8778838,,sgoskar4b@php.net,Female,0,0,,Net Sourcing,Joined,FY14 P1,Risk Intelligence,PROD STAFF,MS&P LRA,TrueView,Quality Assurance,US,Consultant
Vale,,,93-1272987,,ssefton4c@myspace.com,Male,0,0,,Net Sourcing,Joined,FY14 P1,Risk Intelligence,PROD STAFF,MS&P LRA,TrueView,Development,US,Consultant
Cosette,,,21-8108793,,bcoil4d@mapquest.com,Female,0,0,,Net Sourcing,Joined,FY14 P1,Risk Intelligence,PROD STAFF,MS&P LRA,TrueView,Development,US,Consultant
Darbee,,,06-4412769,,ajovanovic4e@alexa.com,Male,0,0,,Net Sourcing,Joined,FY14 P1,Risk Intelligence,PROD STAFF,MS&P LRA,TrueView,Development,US,Consultant
Cello,,,19-9783226,,apebworth4f@goo.ne.jp,Male,0,0,,Net Sourcing,Joined,FY14 P1,Risk Intelligence,PROD STAFF,MS&P LRA,TrueView,Development,US,Consultant
Kareem,,,61-1016758,,cdaniellot4g@sciencedaily.com,Male,0,0,,Net Sourcing,Joined,FY14 P1,Risk Intelligence,PROD STAFF,MS&P LRA,TrueView,Development,US,Consultant
Thadeus,,,38-2053773,,studbald4h@mit.edu,Male,0,0,,Net Sourcing,Joined,FY14 P1,Risk Intelligence,PROD STAFF,MS&P LRA,TrueView,Development,US,Consultant
Diane-marie,,,77-6218101,,tpyke4i@bbb.org,Female,0,0,,Net Sourcing,Joined,FY14 P1,Risk Intelligence,PROD STAFF,MS&P LRA,TrueView,Development,US,Consultant
Avery,,,16-1665486,,eraggles4j@feedburner.com,Male,0,0,,Net Sourcing,Joined,FY14 P1,Risk Intelligence,PROD STAFF,MS&P LRA,TrueView,Development,US,Consultant
Violante,,,49-3860580,,lrobke4k@ted.com,Female,0,0,,Net Sourcing,Joined,FY14 P1,Risk Intelligence,PROD STAFF,MS&P LRA,TrueView,Development,US,Consultant
Coraline,,,47-7052478,,alissandre4l@abc.net.au,Female,0,0,,Net Sourcing,Joined,FY14 P1,Risk Intelligence,PROD STAFF,MS&P LRA,TrueView,Development,US,Consultant
Jessamine,,,54-5848838,,ofoggarty4m@jiathis.com,Female,0,0,,Net Sourcing,Joined,FY14 P1,Risk Intelligence,PROD STAFF,MS&P LRA,TrueView,Development,US,Consultant
Aube,,,17-4747466,,ohoulworth4n@tumblr.com,Male,0,0,,Net Sourcing,Joined,FY14 P1,Risk Intelligence,PROD STAFF,MS&P LRA,TrueView,Development,US,Consultant
Carolin,,,15-0865455,,tbedingfield4o@blinklist.com,Female,0,0,,Net Sourcing,Joined,FY14 P1,Risk Intelligence,PROD STAFF,MS&P LRA,TrueView,Others,US,Consultant
Glendon,,,13-3458153,,estathers4p@t.co,Male,0,0,,Net Sourcing,Joined,FY14 P1,Risk Intelligence,PROD STAFF,MS&P LRA,TrueView,Others,US,Consultant
Sayer,,,34-5125348,,hfabbri4q@google.com.au,Male,0,0,,Net Sourcing,Joined,FY14 P1,Risk Intelligence,PROD STAFF,MS&P LRA,TrueView,Others,US,Consultant
Jonathon,,,68-0613708,,lkender4r@sfgate.com,Male,0,0,,Net Sourcing,Joined,FY14 P1,Risk Intelligence,PROD STAFF,MS&P LRA,TrueView,Others,US,Consultant
Joey,,,43-0384235,,hpohling4s@ezinearticles.com,Male,0,0,,Net Sourcing,Joined,FY14 P1,Risk Intelligence,PROD STAFF,MS&P LRA,TrueView,Others,US,Consultant
Fabio,,,80-0031642,,ddantesia4t@tripod.com,Male,0,0,,Net Sourcing,Joined,FY14 P1,Risk Intelligence,PROD STAFF,MS&P LRA,TrueView,Others,US,Consultant
Justen,,,93-0137024,,mfarbrother4u@quantcast.com,Male,0,0,,Net Sourcing,Joined,FY14 P1,Risk Intelligence,PROD STAFF,MS&P LRA,TrueView,Others,US,Consultant
Laird,,,12-6167797,,nvispo4v@sfgate.com,Male,0,0,,Net Sourcing,Joined,FY14 P1,Risk Intelligence,PROD STAFF,MS&P LRA,TrueView,Others,US,Consultant
Thorstein,,,15-6317558,,spietesch4w@addtoany.com,Male,0,0,,Net Sourcing,Joined,FY14 P1,Risk Intelligence,PROD STAFF,MS&P LRA,TrueView,Others,US,Consultant
Forbes,,,76-6682533,,smosey4x@lycos.com,Male,0,0,,Net Sourcing,Joined,FY14 P1,Risk Intelligence,PROD STAFF,MS&P LRA,TrueView,Others,US,Consultant
Arlena,,,76-4354891,,flidierth4y@live.com,Female,0,0,,Net Sourcing,Joined,FY14 P1,Risk Intelligence,PROD STAFF,MS&P LRA,TrueView,Others,US,Consultant
Ty,,,41-9749679,,ccartmail4z@nbcnews.com,Male,0,0,,Net Sourcing,Joined,FY14 P1,Risk Intelligence,PROD STAFF,MS&P LRA,TrueView,Others,US,Consultant
Bartolomeo,,,30-8567438,,awims50@cafepress.com,Male,0,0,,Net Sourcing,Joined,FY14 P1,Risk Intelligence,PROD STAFF,MS&P LRA,TrueView,Others,US,Consultant
Almeta,,,78-7240769,,ekeedwell51@sphinn.com,Female,0,0,,Net Sourcing,Joined,FY14 P1,Risk Intelligence,PROD STAFF,MS&P LRA,TrueView,Others,US,Consultant
Josephina,,,43-6551591,,owallace52@studiopress.com,Female,0,0,,Net Sourcing,Joined,FY14 P1,Risk Intelligence,PROD STAFF,MS&P LRA,TrueView,Others,US,Consultant
Tonnie,,,88-9400049,,gtomczynski54@mozilla.com,Male,0,0,,Net Sourcing,Joined,FY14 P1,Forensic,PROD STAFF,MS&P,AFES,Quality Assurance,USI,Consultant
Valle,,,74-5080279,,dbrotherhed55@google.cn,Male,0,0,,Net Sourcing,Joined,FY14 P1,Forensic,PROD STAFF,MS&P,AFES,Development,USI,Consultant
Cathleen,,,50-3614933,,pkiff56@cdbaby.com,Female,0,0,,Net Sourcing,Joined,FY14 P1,Forensic,PROD STAFF,MS&P,AFES,Development,USI,Consultant
Gannon,,,26-0952261,,cbrunon57@hubpages.com,Male,0,0,,Net Sourcing,Joined,FY14 P1,Forensic,PROD STAFF,MS&P,AFES,Development,USI,Consultant
Joanna,,,08-2450360,,ggrindrod58@cisco.com,Female,0,0,,Net Sourcing,Joined,FY14 P1,Forensic,PROD STAFF,MS&P,AFES,Development,USI,Consultant
Glynis,,,08-1010324,,jdaftor59@wiley.com,Female,0,0,,Net Sourcing,Joined,FY14 P1,Forensic,PROD STAFF,MS&P,AFES,Development,USI,Consultant
Janene,,,92-0080349,,dphlippi5a@wikia.com,Female,0,0,,Net Sourcing,Joined,FY14 P1,Forensic,PROD STAFF,MS&P,AFES,Development,US,Consultant
Hestia,,,54-4999560,,hrowlands5b@ifeng.com,Female,0,0,,Net Sourcing,Joined,FY14 P1,Forensic,PROD STAFF,MS&P,AFES,Development,US,Consultant
Elset,,,91-1997997,,jmee5c@mozilla.com,Female,0,0,,Net Sourcing,Joined,FY14 P1,Forensic,PROD STAFF,MS&P,AFES,Development,US,Consultant
Mohandas,,,51-8084184,,vstrothers5d@google.com.hk,Male,0,0,,Net Sourcing,Joined,FY14 P1,Forensic,PROD STAFF,MS&P,AFES,Development,US,Consultant
Berthe,,,56-8579368,,arichardt5e@alibaba.com,Female,0,0,,Net Sourcing,Joined,FY14 P1,Forensic,PROD STAFF,MS&P,AFES,Others,US,Consultant
Erhard,,,28-5436394,,cbygate5f@creativecommons.org,Male,0,0,,Net Sourcing,Joined,FY14 P1,Forensic,PROD STAFF,MS&P,AFES,Quality Assurance,Others,Consultant
Vivyanne,,,13-0890014,,flindenstrauss5g@irs.gov,Female,0,0,,Net Sourcing,Joined,FY14 P1,Forensic,PROD STAFF,MS&P,AFES,Quality Assurance,Others,Consultant
Burg,,,10-7822045,,cgoede5h@slideshare.net,Male,0,0,,Net Sourcing,Joined,FY14 P1,Forensic,PROD STAFF,MS&P,AFES,Development,Others,Consultant
Angus,,,65-4110714,,lkiddy5i@miitbeian.gov.cn,Male,0,0,,Net Sourcing,Joined,FY14 P1,Forensic,PROD STAFF,MS&P,AFES,Development,Others,Consultant
Natasha,,,36-2787051,,dcomiskey5j@symantec.com,Female,0,0,,Net Sourcing,Joined,FY14 P1,Forensic,PROD STAFF,MS&P,AFES,Development,Others,Consultant
Rob,,,16-9876851,,blonsbrough5k@infoseek.co.jp,Male,0,0,,Net Sourcing,Joined,FY14 P1,Forensic,PROD STAFF,MS&P,AFES,Development,Others,Consultant
Sybila,,,07-1545294,,satkins5l@state.tx.us,Female,0,0,,Net Sourcing,Joined,FY14 P1,Forensic,PROD STAFF,MS&P,CTS,Quality Assurance,USI,Consultant
Elli,,,79-4956513,,scoleby5m@mtv.com,Female,0,0,,Net Sourcing,Joined,FY14 P1,Forensic,PROD STAFF,MS&P,CTS,Quality Assurance,USI,Consultant
Bjorn,,,48-4473030,,cverriour5n@addthis.com,Male,0,0,,Net Sourcing,Joined,FY14 P1,Forensic,PROD STAFF,MS&P,CTS,Development,USI,Consultant
Leigha,,,23-8909104,,blissandrini5o@mysql.com,Female,0,0,,Net Sourcing,Joined,FY14 P1,Forensic,PROD STAFF,MS&P,CTS,Development,USI,Consultant
Dasi,,,82-0667950,,gsabban5p@liveinternet.ru,Female,0,0,,Net Sourcing,Joined,FY14 P1,Forensic,PROD STAFF,MS&P,CTS,Development,USI,Consultant
Angelika,,,50-4770033,,gdawidowitsch5q@icq.com,Female,0,0,,Net Sourcing,Joined,FY14 P1,Forensic,PROD STAFF,MS&P,CTS,Development,Others,Consultant
Karney,,,82-0296011,,khurche5r@miibeian.gov.cn,Male,0,0,,Net Sourcing,Joined,FY14 P1,Forensic,PROD STAFF,MS&P,D3,Quality Assurance,USI,Consultant
Sherwynd,,,87-0004459,,btumber5s@freewebs.com,Male,0,0,,Net Sourcing,Joined,FY14 P1,Forensic,PROD STAFF,MS&P,D3,Quality Assurance,USI,Consultant
Lise,,,08-7601874,,echeyne5t@xinhuanet.com,Female,0,0,,Net Sourcing,Joined,FY14 P1,Forensic,PROD STAFF,MS&P,D3,Quality Assurance,USI,Consultant
Brigida,,,60-4678628,,jmellenby5u@csmonitor.com,Female,0,0,,Net Sourcing,Joined,FY14 P1,Forensic,PROD STAFF,MS&P,D3,Quality Assurance,USI,Consultant
Brana,,,46-6467721,,epfeffle5v@hatena.ne.jp,Female,0,0,,Net Sourcing,Joined,FY14 P1,Forensic,PROD STAFF,MS&P,D3,Quality Assurance,USI,Consultant
Laurent,,,09-7415666,,sbednall5w@oracle.com,Male,0,0,,Net Sourcing,Joined,FY14 P1,Forensic,PROD STAFF,MS&P,D3,Quality Assurance,USI,Consultant
Marylin,,,38-9572092,,taughtie5x@networksolutions.com,Female,0,0,,Net Sourcing,Joined,FY14 P1,Forensic,PROD STAFF,MS&P,D3,Quality Assurance,USI,Consultant
Clareta,,,49-5712237,,becclestone5y@tuttocitta.it,Female,0,0,,Net Sourcing,Joined,FY14 P1,Forensic,PROD STAFF,MS&P,D3,Quality Assurance,USI,Consultant
Heather,,,96-1429931,,rdescoffier5z@japanpost.jp,Female,0,0,,Net Sourcing,Joined,FY14 P1,Forensic,PROD STAFF,MS&P,D3,Quality Assurance,USI,Consultant
Haslett,,,66-4837640,,crennard60@dion.ne.jp,Male,0,0,,Net Sourcing,Joined,FY14 P1,Forensic,PROD STAFF,MS&P,D3,Quality Assurance,USI,Consultant
Janella,,,09-4752916,,rbrabon61@yellowpages.com,Female,0,0,,Net Sourcing,Joined,FY14 P1,Forensic,PROD STAFF,MS&P,D3,Quality Assurance,USI,Consultant
Othilia,,,60-1834576,,bsivior62@sbwire.com,Female,0,0,,Net Sourcing,Joined,FY14 P1,Forensic,PROD STAFF,MS&P,D3,Quality Assurance,USI,Consultant
Obediah,,,02-9202194,,jmccoughan63@fema.gov,Male,0,0,,Net Sourcing,Joined,FY14 P1,Forensic,PROD STAFF,MS&P,D3,Quality Assurance,USI,Consultant
Konstance,,,69-7579862,,dashwell64@utexas.edu,Female,0,0,,Net Sourcing,Joined,FY14 P1,Forensic,PROD STAFF,MS&P,D3,Quality Assurance,USI,Consultant
Ethe,,,42-9450136,,asalla65@ft.com,Male,0,0,,Net Sourcing,Joined,FY14 P1,Forensic,PROD STAFF,MS&P,D3,Quality Assurance,USI,Consultant
Clem,,,17-4851497,,fjouannin66@com.com,Male,0,0,,Net Sourcing,Joined,FY14 P1,Forensic,PROD STAFF,MS&P,D3,Quality Assurance,USI,Consultant
Florri,,,64-6294452,,aburchett67@imgur.com,Female,0,0,,Net Sourcing,Joined,FY14 P1,Forensic,PROD STAFF,MS&P,D3,Quality Assurance,USI,Consultant
Jasmine,,,67-3314929,,ecaccavale68@apache.org,Female,0,0,,Net Sourcing,Joined,FY14 P1,Forensic,PROD STAFF,MS&P,D3,Quality Assurance,USI,Consultant
Jamima,,,13-3818083,,gwoodison69@yandex.ru,Female,0,0,,Net Sourcing,Joined,FY14 P1,Forensic,PROD STAFF,MS&P,D3,Quality Assurance,USI,Consultant
Pacorro,,,99-5078907,,asommersett6a@jigsy.com,Male,0,0,,Net Sourcing,Joined,FY14 P1,Forensic,PROD STAFF,MS&P,D3,Quality Assurance,USI,Consultant
Inger,,,64-8046631,,tbenmore6b@barnesandnoble.com,Male,0,0,,Net Sourcing,Joined,FY14 P1,Forensic,PROD STAFF,MS&P,D3,Quality Assurance,USI,Consultant
Devonna,,,74-3080444,,estolli6c@globo.com,Female,0,0,,Net Sourcing,Joined,FY14 P1,Forensic,PROD STAFF,MS&P,D3,Development,US,Consultant
Melisenda,,,48-8524536,,rhamsley6d@buzzfeed.com,Female,0,0,,Net Sourcing,Joined,FY14 P1,Forensic,PROD STAFF,MS&P,D3,Development,US,Consultant
Jilly,,,61-0196942,,jzorer6e@miitbeian.gov.cn,Female,0,0,,Net Sourcing,Joined,FY14 P1,Forensic,PROD STAFF,MS&P,D3,Development,US,Consultant
Leola,,,20-0641152,,mmacmenamy6f@cloudflare.com,Female,0,0,,Net Sourcing,Joined,FY14 P1,Forensic,PROD STAFF,MS&P,D3,Development,US,Consultant
Gordan,,,30-9415300,,mhanley6g@va.gov,Male,0,0,,Net Sourcing,Joined,FY14 P1,Forensic,PROD STAFF,MS&P,D3,Development,US,Consultant
Lauri,,,41-5649238,,sstanluck6h@hc360.com,Female,0,0,,Net Sourcing,Joined,FY14 P1,Forensic,PROD STAFF,MS&P,D3,Development,US,Consultant
Kalie,,,66-4757708,,mwoodier6i@wikipedia.org,Female,0,0,,Net Sourcing,Joined,FY14 P1,Forensic,PROD STAFF,MS&P,D3,Development,US,Consultant
Addia,,,39-6923423,,radamson6j@usatoday.com,Female,0,0,,Net Sourcing,Joined,FY14 P1,Forensic,PROD STAFF,MS&P,D3,Development,US,Consultant
Lillian,,,71-0705911,,lweiss6k@yolasite.com,Female,0,0,,Net Sourcing,Joined,FY14 P1,Forensic,PROD STAFF,MS&P,D3,Development,US,Consultant
Jackie,,,97-4437680,,pmurgatroyd6l@redcross.org,Male,0,0,,Net Sourcing,Joined,FY14 P1,Forensic,PROD STAFF,MS&P,D3,Development,US,Consultant
Mart,,,67-6376467,,rcarrabot6m@nsw.gov.au,Male,0,0,,Net Sourcing,Joined,FY14 P1,Forensic,PROD STAFF,MS&P,D3,Development,US,Consultant
Hannah,,,55-0326415,,fstammirs6n@networksolutions.com,Female,0,0,,Net Sourcing,Joined,FY14 P1,Forensic,PROD STAFF,MS&P,D3,Development,US,Consultant
Sophi,,,56-0387029,,ilamburn6o@addthis.com,Female,0,0,,Net Sourcing,Joined,FY14 P1,Forensic,PROD STAFF,MS&P,D3,Development,US,Consultant
Alis,,,02-0618423,,bstubs6p@360.cn,Female,0,0,,Net Sourcing,Joined,FY14 P1,Forensic,PROD STAFF,MS&P,D3,Development,US,Consultant
Nathaniel,,,54-6684644,,dguittet6q@mysql.com,Male,0,0,,Net Sourcing,Joined,FY14 P1,Forensic,PROD STAFF,MS&P,D3,Development,US,Consultant
Tandie,,,29-8646705,,bsweeny6r@squarespace.com,Female,0,0,,Net Sourcing,Joined,FY14 P1,Forensic,PROD STAFF,MS&P,D3,Business Analyst,US,Consultant
Moria,,,68-0943264,,jvanderdaal6s@vinaora.com,Female,0,0,,Net Sourcing,Joined,FY14 P1,Forensic,PROD STAFF,MS&P,D3,Business Analyst,US,Consultant
Brandea,,,85-4671572,,vbaume6t@harvard.edu,Female,0,0,,Net Sourcing,Joined,FY14 P1,Forensic,PROD STAFF,MS&P,D3,Business Analyst,US,Consultant
Winona,,,53-6164820,,espick6u@hhs.gov,Female,0,0,,Net Sourcing,Joined,FY14 P1,Forensic,PROD STAFF,MS&P,GPS Discovery Integrator,Quality Assurance,USI,Consultant
Anthony,,,76-4531914,,jgarrood6v@reddit.com,Male,0,0,,Net Sourcing,Joined,FY14 P1,Forensic,PROD STAFF,MS&P,GPS Discovery Integrator,Quality Assurance,USI,Consultant
Consuela,,,40-3597478,,msantorini6w@tamu.edu,Female,0,0,,Net Sourcing,Joined,FY14 P1,Forensic,PROD STAFF,MS&P,GPS Discovery Integrator,Development,USI,Consultant
Abbi,,,59-7645617,,stroake6x@quantcast.com,Female,0,0,,Net Sourcing,Joined,FY14 P1,Forensic,PROD STAFF,MS&P,GPS Discovery Integrator,Development,US,Consultant
Waldo,,,64-6994296,,rbarten6y@blogger.com,Male,0,0,,Net Sourcing,Joined,FY14 P1,Forensic,PROD STAFF,MS&P,GPS Discovery Integrator,Development,US,Consultant
Zonda,,,55-8058291,,lgingedale6z@naver.com,Female,0,0,,Net Sourcing,Joined,FY14 P1,Forensic,PROD STAFF,MS&P,GPS Discovery Integrator,Development,US,Consultant
Toby,,,86-9808444,,ksevin70@jigsy.com,Male,0,0,,Net Sourcing,Joined,FY14 P1,Forensic,PROD STAFF,MS&P,GPS Discovery Integrator,Development,US,Consultant
Mathew,,,91-7330455,,bgemson71@histats.com,Male,0,0,,Net Sourcing,Joined,FY14 P1,Forensic,PROD STAFF,MS&P,GPS Discovery Integrator,Development,US,Consultant
Sayers,,,59-2488532,,jhaselup72@myspace.com,Male,0,0,,Net Sourcing,Joined,FY14 P1,Forensic,PROD STAFF,MS&P,GPS FOIA/ Disclosure,Quality Assurance,USI,Consultant
Mallorie,,,41-5358939,,tricciardelli73@bigcartel.com,Female,0,0,,Net Sourcing,Joined,FY14 P1,Forensic,PROD STAFF,MS&P,GPS FOIA/ Disclosure,Quality Assurance,USI,Consultant
Mil,,,73-2122455,,jsheehy74@mashable.com,Female,0,0,,Net Sourcing,Joined,FY14 P1,Forensic,PROD STAFF,MS&P,GPS FOIA/ Disclosure,Quality Assurance,USI,Consultant
Aymer,,,72-0910280,,mleconte75@cnn.com,Male,0,0,,Net Sourcing,Joined,FY14 P1,Forensic,PROD STAFF,MS&P,GPS FOIA/ Disclosure,Development,USI,Consultant
Filberto,,,08-5218075,,cavrahamy76@webeden.co.uk,Male,0,0,,Net Sourcing,Joined,FY14 P1,Forensic,PROD STAFF,MS&P,GPS FOIA/ Disclosure,Development,USI,Consultant
Philippa,,,62-9227419,,ffenimore77@paginegialle.it,Female,0,0,,Net Sourcing,Joined,FY14 P1,Forensic,PROD STAFF,MS&P,GPS FOIA/ Disclosure,Development,USI,Consultant
Lilia,,,66-4879875,,belsby78@nifty.com,Female,0,0,,Net Sourcing,Joined,FY14 P1,Forensic,PROD STAFF,MS&P,GPS FOIA/ Disclosure,Development,US,Consultant
Garrot,,,43-2197585,,vmarriage79@de.vu,Male,0,0,,Net Sourcing,Joined,FY14 P1,Forensic,PROD STAFF,MS&P,GPS FOIA/ Disclosure,Development,US,Consultant
Jorey,,,43-9515928,,jpauncefoot7a@ustream.tv,Female,0,0,,Net Sourcing,Joined,FY14 P1,Forensic,PROD STAFF,MS&P,GPS FOIA/ Disclosure,Others,US,Consultant
Doreen,,,01-7823371,,opetegrew7c@typepad.com,Female,0,0,,Net Sourcing,Joined,FY14 P1,Fin Risk Trans & Restructuring,PROD STAFF,MS&P,Solvas | Banking,Quality Assurance,USI,Consultant
Adriaens,,,75-0564959,,rchifney7d@whitehouse.gov,Female,0,0,,Net Sourcing,Joined,FY14 P1,Fin Risk Trans & Restructuring,PROD STAFF,MS&P,Solvas | Banking,Quality Assurance,USI,Consultant
Kerianne,,,67-4094047,,jthaine7e@example.com,Female,0,0,,Net Sourcing,Joined,FY14 P1,Fin Risk Trans & Restructuring,PROD STAFF,MS&P,Solvas | Banking,Quality Assurance,USI,Consultant
Jennilee,,,80-9032071,,lraistrick7f@cbc.ca,Female,0,0,,Net Sourcing,Joined,FY14 P1,Fin Risk Trans & Restructuring,PROD STAFF,MS&P,Solvas | Banking,Quality Assurance,USI,Consultant
Sheelagh,,,50-4566504,,pgreasley7g@over-blog.com,Female,0,0,,Net Sourcing,Joined,FY14 P1,Fin Risk Trans & Restructuring,PROD STAFF,MS&P,Solvas | Banking,Business Analyst,USI,Consultant
Ken,,,44-6334271,,tpaice7h@prweb.com,Male,0,0,,Net Sourcing,Joined,FY14 P1,Fin Risk Trans & Restructuring,PROD STAFF,MS&P,Solvas | Banking,Business Analyst,USI,Consultant
Vaughn,,,14-0607632,,ggeydon7i@tripadvisor.com,Male,0,0,,Net Sourcing,Joined,FY14 P1,Fin Risk Trans & Restructuring,PROD STAFF,MS&P,Solvas | Banking,Business Analyst,USI,Consultant
Mateo,,,87-1065290,,bseiller7j@guardian.co.uk,Male,0,0,,Net Sourcing,Joined,FY14 P1,Fin Risk Trans & Restructuring,PROD STAFF,MS&P,Solvas | Banking,Development,US,Consultant
Cass,,,81-7474429,,bbing7k@tripod.com,Male,0,0,,Net Sourcing,Joined,FY14 P1,Fin Risk Trans & Restructuring,PROD STAFF,MS&P,Solvas | Banking,Development,US,Consultant
Lemuel,,,52-5552110,,eokinedy7l@flavors.me,Male,0,0,,Net Sourcing,Joined,FY14 P1,Fin Risk Trans & Restructuring,PROD STAFF,MS&P,Solvas | Banking,Development,US,Consultant
Kimberlyn,,,61-6659358,,etreadgall7m@netscape.com,Female,0,0,,Net Sourcing,Joined,FY14 P1,Fin Risk Trans & Restructuring,PROD STAFF,MS&P,Solvas | Banking,Development,US,Consultant
Natala,,,04-7514333,,prains7n@auda.org.au,Female,0,0,,Net Sourcing,Joined,FY14 P1,Fin Risk Trans & Restructuring,PROD STAFF,MS&P,Solvas | Banking,Development,US,Consultant
Corbie,,,55-5703039,,oburbudge7o@trellian.com,Male,0,0,,Net Sourcing,Joined,FY14 P1,Fin Risk Trans & Restructuring,PROD STAFF,MS&P,Solvas | Banking,Business Analyst,US,Consultant
Fancie,,,95-3905540,,lgoodere7p@microsoft.com,Female,0,0,,Net Sourcing,Joined,FY14 P1,Fin Risk Trans & Restructuring,PROD STAFF,MS&P,Solvas | Banking,Business Analyst,US,Consultant
Hamilton,,,45-8049876,,jtyrer7q@accuweather.com,Male,0,0,,Net Sourcing,Joined,FY14 P1,Fin Risk Trans & Restructuring,PROD STAFF,MS&P,Solvas | Banking,Business Analyst,US,Consultant
Barbe,,,28-6499338,,mcluse7r@rambler.ru,Female,0,0,,Net Sourcing,Joined,FY14 P1,Fin Risk Trans & Restructuring,PROD STAFF,MS&P,Solvas | Banking,Others,US,Consultant
Alysia,,,78-8212700,,ddayly7s@usnews.com,Female,0,0,,Net Sourcing,Joined,FY14 P1,Fin Risk Trans & Restructuring,PROD STAFF,MS&P,Solvas | Banking,Others,US,Consultant
Darwin,,,16-6030617,,rstubbert7t@google.pl,Male,0,0,,Net Sourcing,Joined,FY14 P1,Fin Risk Trans & Restructuring,PROD STAFF,MS&P,Solvas | Banking,Others,US,Consultant
Selene,,,71-2010372,,cgibbings7u@harvard.edu,Female,0,0,,Net Sourcing,Joined,FY14 P1,Fin Risk Trans & Restructuring,PROD STAFF,MS&P,Solvas | Asset Management,Quality Assurance,USI,Consultant
Goddard,,,70-4466190,,mblague7v@digg.com,Male,0,0,,Net Sourcing,Joined,FY14 P1,Fin Risk Trans & Restructuring,PROD STAFF,MS&P,Solvas | Asset Management,Quality Assurance,USI,Consultant
Sarah,,,96-7196957,,bmccambrois7w@sun.com,Female,0,0,,Net Sourcing,Joined,FY14 P1,Fin Risk Trans & Restructuring,PROD STAFF,MS&P,Solvas | Asset Management,Quality Assurance,USI,Consultant
Loren,,,04-6402907,,hcornehl7x@comsenz.com,Male,0,0,,Net Sourcing,Joined,FY14 P1,Fin Risk Trans & Restructuring,PROD STAFF,MS&P,Solvas | Asset Management,Quality Assurance,USI,Consultant
Bartholomeo,,,88-5882922,,emoffat7y@hp.com,Male,0,0,,Net Sourcing,Joined,FY14 P1,Fin Risk Trans & Restructuring,PROD STAFF,MS&P,Solvas | Asset Management,Quality Assurance,USI,Consultant
Fay,,,94-1109569,,btiptaft7z@addthis.com,Female,0,0,,Net Sourcing,Joined,FY14 P1,Fin Risk Trans & Restructuring,PROD STAFF,MS&P,Solvas | Asset Management,Development,USI,Consultant
Jamill,,,91-0099727,,bgruszczak80@seattletimes.com,Male,0,0,,Net Sourcing,Joined,FY14 P1,Fin Risk Trans & Restructuring,PROD STAFF,MS&P,Solvas | Asset Management,Development,USI,Consultant
Shirlee,,,45-0806137,,nheliar81@tamu.edu,Female,0,0,,Net Sourcing,Joined,FY14 P1,Fin Risk Trans & Restructuring,PROD STAFF,MS&P,Solvas | Asset Management,Development,USI,Consultant
Trefor,,,15-1542905,,eshevell82@state.tx.us,Male,0,0,,Net Sourcing,Joined,FY14 P1,Fin Risk Trans & Restructuring,PROD STAFF,MS&P,Solvas | Asset Management,Development,USI,Consultant
Bibby,,,83-5876399,,hmuzzini83@dion.ne.jp,Female,0,0,,Net Sourcing,Joined,FY14 P1,Fin Risk Trans & Restructuring,PROD STAFF,MS&P,Solvas | Asset Management,Development,USI,Consultant
Baxy,,,26-2347048,,blonergan84@phoca.cz,Male,0,0,,Net Sourcing,Joined,FY14 P1,Fin Risk Trans & Restructuring,PROD STAFF,MS&P,Solvas | Asset Management,Development,USI,Consultant
Beverly,,,37-3389940,,bfarden85@phpbb.com,Female,0,0,,Net Sourcing,Joined,FY14 P1,Fin Risk Trans & Restructuring,PROD STAFF,MS&P,Solvas | Asset Management,Business Analyst,USI,Consultant
Craig,,,67-9210973,,lpennicott86@smh.com.au,Male,0,0,,Net Sourcing,Joined,FY14 P1,Fin Risk Trans & Restructuring,PROD STAFF,MS&P,Solvas | Asset Management,Business Analyst,USI,Consultant
Noe,,,06-2587041,,amacfadzan87@irs.gov,Male,0,0,,Net Sourcing,Joined,FY14 P1,Fin Risk Trans & Restructuring,PROD STAFF,MS&P,Solvas | Asset Management,Business Analyst,USI,Consultant
Lynde,,,42-3259112,,pbillett88@slideshare.net,Female,0,0,,Net Sourcing,Joined,FY14 P1,Fin Risk Trans & Restructuring,PROD STAFF,MS&P,Solvas | Asset Management,Business Analyst,USI,Consultant
Valina,,,80-0461581,,ngoodbarr89@goo.ne.jp,Female,0,0,,Net Sourcing,Joined,FY14 P1,Fin Risk Trans & Restructuring,PROD STAFF,MS&P,Solvas | Asset Management,Business Analyst,USI,Consultant
Gerik,,,93-6818125,,sgovier8a@xrea.com,Male,0,0,,Net Sourcing,Joined,FY14 P1,Fin Risk Trans & Restructuring,PROD STAFF,MS&P,Solvas | Asset Management,Business Analyst,USI,Consultant
Akim,,,79-9966301,,bingon8b@360.cn,Male,0,0,,Net Sourcing,Joined,FY14 P1,Fin Risk Trans & Restructuring,PROD STAFF,MS&P,Solvas | Asset Management,Others,USI,Consultant
Lawry,,,07-8112688,,relkington8c@technorati.com,Male,0,0,,Net Sourcing,Joined,FY14 P1,Fin Risk Trans & Restructuring,PROD STAFF,MS&P,Solvas | Asset Management,Quality Assurance,US,Consultant
Farrand,,,13-7919934,,wmigheli8d@shinystat.com,Female,0,0,,Net Sourcing,Joined,FY14 P1,Fin Risk Trans & Restructuring,PROD STAFF,MS&P,Solvas | Asset Management,Development,US,Consultant
Brianne,,,10-2132078,,hmoberley8e@newyorker.com,Female,0,0,,Net Sourcing,Joined,FY14 P1,Fin Risk Trans & Restructuring,PROD STAFF,MS&P,Solvas | Asset Management,Development,US,Consultant
Aleda,,,53-4649652,,hduham8f@scribd.com,Female,0,0,,Net Sourcing,Joined,FY14 P1,Fin Risk Trans & Restructuring,PROD STAFF,MS&P,Solvas | Asset Management,Development,US,Consultant
Ave,,,62-2973080,,mriehm8g@weather.com,Male,0,0,,Net Sourcing,Joined,FY14 P1,Fin Risk Trans & Restructuring,PROD STAFF,MS&P,Solvas | Asset Management,Development,US,Consultant
Gianna,,,74-1921396,,dleeuwerink8h@shop-pro.jp,Female,0,0,,Net Sourcing,Joined,FY14 P1,Fin Risk Trans & Restructuring,PROD STAFF,MS&P,Solvas | Asset Management,Development,US,Consultant
Cyndia,,,58-2951015,,tlonghurst8i@flavors.me,Female,0,0,,Net Sourcing,Joined,FY14 P1,Fin Risk Trans & Restructuring,PROD STAFF,MS&P,Solvas | Asset Management,Development,US,Consultant
Elenore,,,43-6669614,,dkirdsch8j@opensource.org,Female,0,0,,Net Sourcing,Joined,FY14 P1,Fin Risk Trans & Restructuring,PROD STAFF,MS&P,Solvas | Asset Management,Development,US,Consultant
Orly,,,36-0241407,,bkermath8k@so-net.ne.jp,Female,0,0,,Net Sourcing,Joined,FY14 P1,Fin Risk Trans & Restructuring,PROD STAFF,MS&P,Solvas | Asset Management,Business Analyst,US,Consultant
Nelia,,,94-6929808,,sguinn8l@networksolutions.com,Female,0,0,,Net Sourcing,Joined,FY14 P1,Fin Risk Trans & Restructuring,PROD STAFF,MS&P,Solvas | Asset Management,Business Analyst,US,Consultant
Ninetta,,,59-4154281,,apothecary8m@mtv.com,Female,0,0,,Net Sourcing,Joined,FY14 P1,Fin Risk Trans & Restructuring,PROD STAFF,MS&P,Solvas | Asset Management,Business Analyst,US,Consultant
Aloisia,,,12-9140795,,fwaind8n@biblegateway.com,Female,0,0,,Net Sourcing,Joined,FY14 P1,Fin Risk Trans & Restructuring,PROD STAFF,MS&P,Solvas | Asset Management,Business Analyst,US,Consultant
Daryl,,,27-1745855,,hquinevan8o@arizona.edu,Female,0,0,,Net Sourcing,Joined,FY14 P1,Fin Risk Trans & Restructuring,PROD STAFF,MS&P,Solvas | Asset Management,Business Analyst,US,Consultant
Caresa,,,37-8977849,,myurkevich8p@toplist.cz,Female,0,0,,Net Sourcing,Joined,FY14 P1,Fin Risk Trans & Restructuring,PROD STAFF,MS&P,Solvas | Asset Management,Business Analyst,US,Consultant
Odella,,,59-0955670,,epatron8q@imdb.com,Female,0,0,,Net Sourcing,Joined,FY14 P1,Fin Risk Trans & Restructuring,PROD STAFF,MS&P,Solvas | Asset Management,Business Analyst,US,Consultant
Rufus,,,07-0126980,,nnerheny8r@cdc.gov,Male,0,0,,Net Sourcing,Joined,FY14 P1,Fin Risk Trans & Restructuring,PROD STAFF,MS&P,Solvas | Asset Management,Business Analyst,US,Consultant
Kailey,,,25-0695570,,clondesborough8s@oakley.com,Female,0,0,,Net Sourcing,Joined,FY14 P1,Fin Risk Trans & Restructuring,PROD STAFF,MS&P,Solvas | Asset Management,Business Analyst,Others,Consultant
Shandee,,,66-6886879,,rmarini8t@opera.com,Female,0,0,,Net Sourcing,Joined,FY14 P1,Fin Risk Trans & Restructuring,PROD STAFF,MS&P,Solvas | Digitze,Quality Assurance,USI,Consultant
Bartholomeus,,,92-0467146,,gwasson8u@surveymonkey.com,Male,0,0,,Net Sourcing,Joined,FY14 P1,Fin Risk Trans & Restructuring,PROD STAFF,MS&P,Solvas | Digitze,Quality Assurance,USI,Consultant
Willabella,,,13-9768626,,astanbra8v@blinklist.com,Female,0,0,,Net Sourcing,Joined,FY14 P1,Fin Risk Trans & Restructuring,PROD STAFF,MS&P,Solvas | Digitze,Quality Assurance,USI,Consultant
Scott,,,69-9109641,,gtender8w@seattletimes.com,Male,0,0,,Net Sourcing,Joined,FY14 P1,Fin Risk Trans & Restructuring,PROD STAFF,MS&P,Solvas | Digitze,Quality Assurance,USI,Consultant
Constanta,,,34-6316316,,granner8x@admin.ch,Female,0,0,,Net Sourcing,Joined,FY14 P1,Fin Risk Trans & Restructuring,PROD STAFF,MS&P,Solvas | Digitze,Quality Assurance,USI,Consultant
Diana,,,09-4389514,,donowlan8y@etsy.com,Female,0,0,,Net Sourcing,Joined,FY14 P1,Fin Risk Trans & Restructuring,PROD STAFF,MS&P,Solvas | Digitze,Quality Assurance,USI,Consultant
Guillemette,,,28-7291799,,rkollasch8z@dion.ne.jp,Female,0,0,,Net Sourcing,Joined,FY14 P1,Fin Risk Trans & Restructuring,PROD STAFF,MS&P,Solvas | Digitze,Quality Assurance,USI,Consultant
Garrott,,,53-7640157,,cbuxcey90@vistaprint.com,Male,0,0,,Net Sourcing,Joined,FY14 P1,Fin Risk Trans & Restructuring,PROD STAFF,MS&P,Solvas | Digitze,Quality Assurance,USI,Consultant
Cherida,,,51-2111608,,ckuhwald91@unblog.fr,Female,0,0,,Net Sourcing,Joined,FY14 P1,Fin Risk Trans & Restructuring,PROD STAFF,MS&P,Solvas | Digitze,Development,USI,Consultant
Dickie,,,02-1380594,,roxshott92@umn.edu,Male,0,0,,Net Sourcing,Joined,FY14 P1,Fin Risk Trans & Restructuring,PROD STAFF,MS&P,Solvas | Digitze,Development,USI,Consultant
Holmes,,,77-8393825,,halanbrooke93@macromedia.com,Male,0,0,,Net Sourcing,Joined,FY14 P1,Fin Risk Trans & Restructuring,PROD STAFF,MS&P,Solvas | Digitze,Development,USI,Consultant
Amery,,,49-2213937,,cbudgey94@jimdo.com,Male,0,0,,Net Sourcing,Joined,FY14 P1,Fin Risk Trans & Restructuring,PROD STAFF,MS&P,Solvas | Digitze,Development,USI,Consultant
Jodi,,,24-1870426,,aguthrie95@si.edu,Female,0,0,,Net Sourcing,Joined,FY14 P1,Fin Risk Trans & Restructuring,PROD STAFF,MS&P,Solvas | Digitze,Development,USI,Consultant
Darius,,,60-6514785,,idjuricic96@harvard.edu,Male,0,0,,Net Sourcing,Joined,FY14 P1,Fin Risk Trans & Restructuring,PROD STAFF,MS&P,Solvas | Digitze,Business Analyst,USI,Consultant
Gradeigh,,,28-0000318,,jfernan97@google.es,Male,0,0,,Net Sourcing,Joined,FY14 P1,Fin Risk Trans & Restructuring,PROD STAFF,MS&P,Solvas | Digitze,Business Analyst,USI,Consultant
Dene,,,60-9606827,,cmorrott98@themeforest.net,Male,0,0,,Net Sourcing,Joined,FY14 P1,Fin Risk Trans & Restructuring,PROD STAFF,MS&P,Solvas | Digitze,Business Analyst,USI,Consultant
Humbert,,,81-2755088,,jfilimore99@hc360.com,Male,0,0,,Net Sourcing,Joined,FY14 P1,Fin Risk Trans & Restructuring,PROD STAFF,MS&P,Solvas | Digitze,Business Analyst,USI,Consultant
Garrik,,,70-0986597,,pgerge9a@geocities.com,Male,0,0,,Net Sourcing,Joined,FY14 P1,Fin Risk Trans & Restructuring,PROD STAFF,MS&P,Solvas | Digitze,Business Analyst,USI,Consultant
Taite,,,49-1577378,,zwhyman9b@nyu.edu,Male,0,0,,Net Sourcing,Joined,FY14 P1,Fin Risk Trans & Restructuring,PROD STAFF,MS&P,Solvas | Digitze,Business Analyst,USI,Consultant
Timmie,,,10-1422859,,ddenisovich9c@yahoo.com,Male,0,0,,Net Sourcing,Joined,FY14 P1,Fin Risk Trans & Restructuring,PROD STAFF,MS&P,Solvas | Digitze,Business Analyst,USI,Consultant
Stephine,,,12-2342866,,bharwin9d@meetup.com,Female,0,0,,Net Sourcing,Joined,FY14 P1,Fin Risk Trans & Restructuring,PROD STAFF,MS&P,Solvas | Digitze,Business Analyst,USI,Consultant
Cullie,,,64-8563674,,vklebes9e@google.pl,Male,0,0,,Net Sourcing,Joined,FY14 P1,Fin Risk Trans & Restructuring,PROD STAFF,MS&P,Solvas | Digitze,Business Analyst,USI,Consultant
Wilburt,,,15-3896895,,cburg9f@harvard.edu,Male,0,0,,Net Sourcing,Joined,FY14 P1,Fin Risk Trans & Restructuring,PROD STAFF,MS&P,Solvas | Digitze,Business Analyst,USI,Consultant
Roland,,,62-7499913,,tsteffans9g@army.mil,Male,0,0,,Net Sourcing,Joined,FY14 P1,Fin Risk Trans & Restructuring,PROD STAFF,MS&P,Solvas | Digitze,Business Analyst,USI,Consultant
Dino,,,67-2508585,,rpecey9h@acquirethisname.com,Male,0,0,,Net Sourcing,Joined,FY14 P1,Fin Risk Trans & Restructuring,PROD STAFF,MS&P,Solvas | Digitze,Business Analyst,USI,Consultant
Gibb,,,45-8266687,,vgauvain9i@dot.gov,Male,0,0,,Net Sourcing,Joined,FY14 P1,Fin Risk Trans & Restructuring,PROD STAFF,MS&P,Solvas | Digitze,Business Analyst,USI,Consultant
Gypsy,,,79-2185603,,fpolino9j@macromedia.com,Female,0,0,,Net Sourcing,Joined,FY14 P1,Fin Risk Trans & Restructuring,PROD STAFF,MS&P,Solvas | Digitze,Business Analyst,USI,Consultant
Rosaline,,,29-5521568,,wabramof9k@sbwire.com,Female,0,0,,Net Sourcing,Joined,FY14 P1,Fin Risk Trans & Restructuring,PROD STAFF,MS&P,Solvas | Digitze,Business Analyst,USI,Consultant
Kirsten,,,33-5865828,,gmackettrick9l@gravatar.com,Female,0,0,,Net Sourcing,Joined,FY14 P1,Fin Risk Trans & Restructuring,PROD STAFF,MS&P,Solvas | Digitze,Business Analyst,USI,Consultant
Kippy,,,55-2669977,,rmichallat9m@house.gov,Female,0,0,,Net Sourcing,Joined,FY14 P1,Fin Risk Trans & Restructuring,PROD STAFF,MS&P,Solvas | Digitze,Business Analyst,USI,Consultant
Barbie,,,10-6284068,,omacconneely9n@domainmarket.com,Female,0,0,,Net Sourcing,Joined,FY14 P1,Fin Risk Trans & Restructuring,PROD STAFF,MS&P,Solvas | Digitze,Business Analyst,USI,Consultant
Rex,,,88-8907501,,lrosenkrantz9o@naver.com,Male,0,0,,Net Sourcing,Joined,FY14 P1,Fin Risk Trans & Restructuring,PROD STAFF,MS&P,Solvas | Digitze,Business Analyst,USI,Consultant
Harris,,,25-4101128,,srowston9p@devhub.com,Male,0,0,,Net Sourcing,Joined,FY14 P1,Fin Risk Trans & Restructuring,PROD STAFF,MS&P,Solvas | Digitze,Business Analyst,USI,Consultant
Wiley,,,83-1580706,,nkinsell9q@huffingtonpost.com,Male,0,0,,Net Sourcing,Joined,FY14 P1,Fin Risk Trans & Restructuring,PROD STAFF,MS&P,Solvas | Digitze,Business Analyst,USI,Consultant
Christabella,,,06-0331292,,mkrolak9r@discuz.net,Female,0,0,,Net Sourcing,Joined,FY14 P1,Fin Risk Trans & Restructuring,PROD STAFF,MS&P,Solvas | Digitze,Business Analyst,USI,Consultant
Ezri,,,40-4581196,,wwebermann9s@netlog.com,Male,0,0,,Net Sourcing,Joined,FY14 P1,Fin Risk Trans & Restructuring,PROD STAFF,MS&P,Solvas | Digitze,Business Analyst,USI,Consultant
Nellie,,,22-1867046,,lsherwood9t@purevolume.com,Female,0,0,,Net Sourcing,Joined,FY14 P1,Fin Risk Trans & Restructuring,PROD STAFF,MS&P,Solvas | Digitze,Business Analyst,USI,Consultant
Cecily,,,83-4453651,,whughlin9u@ifeng.com,Female,0,0,,Net Sourcing,Joined,FY14 P1,Fin Risk Trans & Restructuring,PROD STAFF,MS&P,Solvas | Digitze,Business Analyst,USI,Consultant
Alanson,,,42-4023197,,mtomasini9v@huffingtonpost.com,Male,0,0,,Net Sourcing,Joined,FY14 P1,Fin Risk Trans & Restructuring,PROD STAFF,MS&P,Solvas | Digitze,Business Analyst,USI,Consultant
Imelda,,,05-6203929,,bohartagan9w@trellian.com,Female,0,0,,Net Sourcing,Joined,FY14 P1,Fin Risk Trans & Restructuring,PROD STAFF,MS&P,Accelsior,Quality Assurance,USI,Consultant
Nobe,,,39-8394550,,tadolfson9x@sakura.ne.jp,Male,0,0,,Net Sourcing,Joined,FY14 P1,Fin Risk Trans & Restructuring,PROD STAFF,MS&P,Accelsior,Quality Assurance,USI,Consultant
Lodovico,,,69-0446197,,ktomasini9y@nhs.uk,Male,0,0,,Net Sourcing,Joined,FY14 P1,Fin Risk Trans & Restructuring,PROD STAFF,MS&P,Accelsior,Quality Assurance,USI,Consultant
Edan,,,88-4162981,,amackellar9z@comsenz.com,Male,0,0,,Net Sourcing,Joined,FY14 P1,Fin Risk Trans & Restructuring,PROD STAFF,MS&P,Accelsior,Quality Assurance,USI,Consultant
Carin,,,38-8656906,,nmcamisha0@marriott.com,Female,0,0,,Net Sourcing,Joined,FY14 P1,Fin Risk Trans & Restructuring,PROD STAFF,MS&P,Accelsior,Development,USI,Consultant
Aurel,,,25-3439838,,gshoebothama1@theglobeandmail.com,Female,0,0,,Net Sourcing,Joined,FY14 P1,Fin Risk Trans & Restructuring,PROD STAFF,MS&P,Accelsior,Development,USI,Consultant
Nathan,,,90-0646550,,brevana2@amazonaws.com,Male,0,0,,Net Sourcing,Joined,FY14 P1,Fin Risk Trans & Restructuring,PROD STAFF,MS&P,Accelsior,Development,USI,Consultant
Kizzee,,,78-4253042,,bdowdneya3@storify.com,Female,0,0,,Net Sourcing,Joined,FY14 P1,Fin Risk Trans & Restructuring,PROD STAFF,MS&P,Accelsior,Development,USI,Consultant
Sada,,,45-4266929,,gdelasallea4@php.net,Female,0,0,,Net Sourcing,Joined,FY14 P1,Fin Risk Trans & Restructuring,PROD STAFF,MS&P,Accelsior,Development,USI,Consultant
Venita,,,64-2100022,,tboggisa5@a8.net,Female,0,0,,Net Sourcing,Joined,FY14 P1,Fin Risk Trans & Restructuring,PROD STAFF,MS&P,Accelsior,Development,US,Consultant
Gabriella,,,82-7499187,,jmctrustama6@mlb.com,Female,0,0,,Net Sourcing,Joined,FY14 P1,Fin Risk Trans & Restructuring,PROD STAFF,MS&P,Accelsior,Development,US,Consultant
Alfonso,,,79-3614002,,bwabera7@odnoklassniki.ru,Male,0,0,,Net Sourcing,Joined,FY14 P1,Fin Risk Trans & Restructuring,PROD STAFF,MS&P,Accelsior,Development,US,Consultant
Giles,,,86-5980116,,bcouttsa8@theglobeandmail.com,Male,0,0,,Net Sourcing,Joined,FY14 P1,Fin Risk Trans & Restructuring,PROD STAFF,MS&P,Accelsior,Development,US,Consultant
Viola,,,49-7520660,,jaugustusa9@moonfruit.com,Female,0,0,,Net Sourcing,Joined,FY14 P1,Fin Risk Trans & Restructuring,PROD STAFF,MS&P,Accelsior,Development,US,Consultant
Kale,,,08-5730511,,mliccardoaa@sohu.com,Male,0,0,,Net Sourcing,Joined,FY14 P1,Fin Risk Trans & Restructuring,PROD STAFF,MS&P,Accelsior,Development,US,Consultant
Nicola,,,23-8417640,,rhillab@sohu.com,Female,0,0,,Net Sourcing,Joined,FY14 P1,Fin Risk Trans & Restructuring,PROD STAFF,MS&P,Accelsior,Development,US,Consultant
Sanson,,,22-0091962,,wrelfac@de.vu,Male,0,0,,Net Sourcing,Joined,FY14 P1,Fin Risk Trans & Restructuring,PROD STAFF,MS&P,Accelsior,Development,US,Consultant
Tris,,,98-0910464,,dcorainiad@ovh.net,Male,0,0,,Net Sourcing,Joined,FY14 P1,Fin Risk Trans & Restructuring,PROD STAFF,MS&P,Accelsior,Business Analyst,US,Consultant
Margie,,,06-6094396,,dfindlowae@example.com,Female,0,0,,Net Sourcing,Joined,FY14 P1,Fin Risk Trans & Restructuring,PROD STAFF,MS&P,Accelsior,Business Analyst,US,Consultant
Austen,,,28-6807315,,isperwellaf@ovh.net,Male,0,0,,Net Sourcing,Joined,FY14 P1,Fin Risk Trans & Restructuring,PROD STAFF,MS&P,Accelsior,Business Analyst,US,Consultant
Pru,,,10-4686894,,falmanag@princeton.edu,Female,0,0,,Net Sourcing,Joined,FY14 P1,Fin Risk Trans & Restructuring,PROD STAFF,MS&P,Accelsior,Business Analyst,US,Consultant
Cristal,,,66-7860544,,ikraftah@pinterest.com,Female,0,0,,Net Sourcing,Joined,FY14 P1,Fin Risk Trans & Restructuring,PROD STAFF,MS&P,Accelsior,Business Analyst,US,Consultant
Sile,,,08-5966523,,abelliniai@posterous.com,Female,0,0,,Net Sourcing,Joined,FY14 P1,Fin Risk Trans & Restructuring,PROD STAFF,MS&P,Accelsior,Business Analyst,US,Consultant
Puff,,,94-1408882,,bpadghamaj@hexun.com,Male,0,0,,Net Sourcing,Joined,FY14 P1,Fin Risk Trans & Restructuring,PROD STAFF,MS&P,Accelsior,Business Analyst,US,Consultant
Stirling,,,33-3575074,,ppauerak@mit.edu,Male,0,0,,Net Sourcing,Joined,FY14 P1,Fin Risk Trans & Restructuring,PROD STAFF,MS&P,Accelsior,Business Analyst,US,Consultant
Wendy,,,50-0279432,,emacneiceal@wikispaces.com,Female,0,0,,Net Sourcing,Joined,FY14 P1,Fin Risk Trans & Restructuring,PROD STAFF,MS&P,Accelsior,Business Analyst,US,Consultant
Gerrie,,,64-5918311,,kcrackeram@msu.edu,Male,0,0,,Net Sourcing,Joined,FY14 P1,Fin Risk Trans & Restructuring,PROD STAFF,MS&P,Accelsior,Business Analyst,US,Consultant
Abra,,,09-3728891,,kbruckenthalan@purevolume.com,Female,0,0,,Net Sourcing,Joined,FY14 P1,Fin Risk Trans & Restructuring,PROD STAFF,MS&P,Accelsior,Business Analyst,US,Consultant
Trescha,,,78-5371872,,rmatteviao@chron.com,Female,0,0,,Net Sourcing,Joined,FY14 P1,Fin Risk Trans & Restructuring,PROD STAFF,MS&P,LeaseController,Quality Assurance,USI,Consultant
Karie,,,42-0076848,,wdeshonap@surveymonkey.com,Female,0,0,,Net Sourcing,Joined,FY14 P1,Fin Risk Trans & Restructuring,PROD STAFF,MS&P,LeaseController,Quality Assurance,USI,Consultant
Korry,,,82-7231826,,hgillilandaq@edublogs.org,Female,0,0,,Net Sourcing,Joined,FY14 P1,Fin Risk Trans & Restructuring,PROD STAFF,MS&P,LeaseController,Quality Assurance,USI,Consultant
Reid,,,98-2068047,,pbecketar@geocities.jp,Male,0,0,,Net Sourcing,Joined,FY14 P1,Fin Risk Trans & Restructuring,PROD STAFF,MS&P,LeaseController,Quality Assurance,USI,Consultant
Cad,,,24-0721648,,gpedrazzias@ft.com,Male,0,0,,Net Sourcing,Joined,FY14 P1,Fin Risk Trans & Restructuring,PROD STAFF,MS&P,LeaseController,Quality Assurance,USI,Consultant
Sondra,,,79-1132307,,cwalbyat@unicef.org,Female,0,0,,Net Sourcing,Joined,FY14 P1,Fin Risk Trans & Restructuring,PROD STAFF,MS&P,LeaseController,Quality Assurance,USI,Consultant
Con,,,99-8209777,,aalkinsau@yellowbook.com,Female,0,0,,Net Sourcing,Joined,FY14 P1,Fin Risk Trans & Restructuring,PROD STAFF,MS&P,LeaseController,Quality Assurance,USI,Consultant
Stirling,,,45-2956220,,hfallowesav@nytimes.com,Male,0,0,,Net Sourcing,Joined,FY14 P1,Fin Risk Trans & Restructuring,PROD STAFF,MS&P,LeaseController,Development,USI,Consultant
Alicia,,,15-4183562,,rmcgillecoleaw@tinyurl.com,Female,0,0,,Net Sourcing,Joined,FY14 P1,Fin Risk Trans & Restructuring,PROD STAFF,MS&P,LeaseController,Development,USI,Consultant
Scottie,,,04-7940697,,lmcasparanax@msu.edu,Male,0,0,,Net Sourcing,Joined,FY14 P1,Fin Risk Trans & Restructuring,PROD STAFF,MS&P,LeaseController,Development,USI,Consultant
Kellen,,,06-2545988,,jridouttay@marriott.com,Female,0,0,,Net Sourcing,Joined,FY14 P1,Fin Risk Trans & Restructuring,PROD STAFF,MS&P,LeaseController,Development,USI,Consultant
Olenolin,,,50-3913276,,sbealingaz@gnu.org,Male,0,0,,Net Sourcing,Joined,FY14 P1,Fin Risk Trans & Restructuring,PROD STAFF,MS&P,LeaseController,Development,USI,Consultant
Parsifal,,,31-6126573,,skleinmintzb0@biblegateway.com,Male,0,0,,Net Sourcing,Joined,FY14 P1,Fin Risk Trans & Restructuring,PROD STAFF,MS&P,LeaseController,Development,USI,Consultant
Inna,,,71-9182784,,tcarnilianb1@sciencedaily.com,Female,0,0,,Net Sourcing,Joined,FY14 P1,Fin Risk Trans & Restructuring,PROD STAFF,MS&P,LeaseController,Development,USI,Consultant
Ella,,,43-2752814,,hstaynesb2@ehow.com,Female,0,0,,Net Sourcing,Joined,FY14 P1,Fin Risk Trans & Restructuring,PROD STAFF,MS&P,LeaseController,Development,USI,Consultant
Adda,,,96-2994430,,lcostellb3@meetup.com,Female,0,0,,Net Sourcing,Joined,FY14 P1,Fin Risk Trans & Restructuring,PROD STAFF,MS&P,LeaseController,Business Analyst,USI,Consultant
Gearard,,,76-4081157,,gcliftonb4@imdb.com,Male,0,0,,Net Sourcing,Joined,FY14 P1,Fin Risk Trans & Restructuring,PROD STAFF,MS&P,LeaseController,Business Analyst,USI,Consultant
Denice,,,51-3540724,,gelgarb5@freewebs.com,Female,0,0,,Net Sourcing,Joined,FY14 P1,Fin Risk Trans & Restructuring,PROD STAFF,MS&P,LeaseController,Business Analyst,USI,Consultant
Vassily,,,12-8417669,,wraithbieb6@bigcartel.com,Male,0,0,,Net Sourcing,Joined,FY14 P1,Fin Risk Trans & Restructuring,PROD STAFF,MS&P,LeaseController,Business Analyst,USI,Consultant
Tamqrah,,,97-6895577,,tostickb7@multiply.com,Female,0,0,,Net Sourcing,Joined,FY14 P1,Fin Risk Trans & Restructuring,PROD STAFF,MS&P,LeaseController,Business Analyst,USI,Consultant
Garwood,,,08-9762945,,qtreswellb8@webs.com,Male,0,0,,Net Sourcing,Joined,FY14 P1,Fin Risk Trans & Restructuring,PROD STAFF,MS&P,LeaseController,Business Analyst,USI,Consultant
Bartholomeus,,,65-0524403,,eextanceb9@gizmodo.com,Male,0,0,,Net Sourcing,Joined,FY14 P1,Fin Risk Trans & Restructuring,PROD STAFF,MS&P,LeaseController,Business Analyst,USI,Consultant
Ralf,,,33-8368944,,mboggsba@artisteer.com,Male,0,0,,Net Sourcing,Joined,FY14 P1,Fin Risk Trans & Restructuring,PROD STAFF,MS&P,LeaseController,Business Analyst,USI,Consultant
Ernaline,,,92-5542008,,salfonsettobb@sohu.com,Female,0,0,,Net Sourcing,Joined,FY14 P1,Fin Risk Trans & Restructuring,PROD STAFF,MS&P,LeaseController,Business Analyst,USI,Consultant
Harrie,,,46-5140100,,kkettlesbc@hibu.com,Female,0,0,,Net Sourcing,Joined,FY14 P1,Fin Risk Trans & Restructuring,PROD STAFF,MS&P,LeaseController,Business Analyst,USI,Consultant
Deny,,,58-8940981,,jseersbd@miitbeian.gov.cn,Female,0,0,,Net Sourcing,Joined,FY14 P1,Fin Risk Trans & Restructuring,PROD STAFF,MS&P,LeaseController,Business Analyst,USI,Consultant
Mort,,,88-1840161,,dofarrellbe@linkedin.com,Male,0,0,,Net Sourcing,Joined,FY14 P1,Fin Risk Trans & Restructuring,PROD STAFF,MS&P,LeaseController,Business Analyst,USI,Consultant
Lin,,,45-3620832,,djefferysbf@bizjournals.com,Male,0,0,,Net Sourcing,Joined,FY14 P1,Fin Risk Trans & Restructuring,PROD STAFF,MS&P,LeaseController,Others,USI,Consultant
Shelley,,,67-5832450,,pfulcherbg@sohu.com,Male,0,0,,Net Sourcing,Joined,FY14 P1,Fin Risk Trans & Restructuring,PROD STAFF,MS&P,LeaseController,Quality Assurance,US,Consultant
Loralyn,,,47-7422425,,mreithbh@google.com.hk,Female,0,0,,Net Sourcing,Joined,FY14 P1,Fin Risk Trans & Restructuring,PROD STAFF,MS&P,LeaseController,Development,US,Consultant
Elspeth,,,33-8334758,,cbargerybi@discovery.com,Female,0,0,,Net Sourcing,Joined,FY14 P1,Fin Risk Trans & Restructuring,PROD STAFF,MS&P,LeaseController,Development,US,Consultant
Flora,,,65-3909561,,vwinwardbj@timesonline.co.uk,Female,0,0,,Net Sourcing,Joined,FY14 P1,Fin Risk Trans & Restructuring,PROD STAFF,MS&P,LeaseController,Development,US,Consultant
Arlen,,,36-7868236,,jtownendbk@ihg.com,Male,0,0,,Net Sourcing,Joined,FY14 P1,Fin Risk Trans & Restructuring,PROD STAFF,MS&P,LeaseController,Development,US,Consultant
Jo,,,72-4145334,,hantoniettibl@seattletimes.com,Male,0,0,,Net Sourcing,Joined,FY14 P1,Fin Risk Trans & Restructuring,PROD STAFF,MS&P,LeaseController,Development,US,Consultant
Katrine,,,70-3631796,,poflahertybm@sun.com,Female,0,0,,Net Sourcing,Joined,FY14 P1,Fin Risk Trans & Restructuring,PROD STAFF,MS&P,LeaseController,Development,US,Consultant
Retha,,,30-8579371,,tsapenabn@google.es,Female,0,0,,Net Sourcing,Joined,FY14 P1,Fin Risk Trans & Restructuring,PROD STAFF,MS&P,LeaseController,Development,US,Consultant
Abrahan,,,49-7090733,,wdenziloebo@prlog.org,Male,0,0,,Net Sourcing,Joined,FY14 P1,Fin Risk Trans & Restructuring,PROD STAFF,MS&P,LeaseController,Development,US,Consultant
Marguerite,,,54-0408005,,smachargbp@wikimedia.org,Female,0,0,,Net Sourcing,Joined,FY14 P1,Fin Risk Trans & Restructuring,PROD STAFF,MS&P,LeaseController,Development,US,Consultant
Boone,,,87-9941587,,gkingslandbq@unblog.fr,Male,0,0,,Net Sourcing,Joined,FY14 P1,Fin Risk Trans & Restructuring,PROD STAFF,MS&P,LeaseController,Development,US,Consultant
Gertruda,,,00-9264044,,demlynbr@guardian.co.uk,Female,0,0,,Net Sourcing,Joined,FY14 P1,Fin Risk Trans & Restructuring,PROD STAFF,MS&P,LeaseController,Development,US,Consultant
Doyle,,,79-2972312,,afraschinibs@github.io,Male,0,0,,Net Sourcing,Joined,FY14 P1,Fin Risk Trans & Restructuring,PROD STAFF,MS&P,LeaseController,Development,US,Consultant
Gregorio,,,51-4743187,,tbartusekbt@loc.gov,Male,0,0,,Net Sourcing,Joined,FY14 P1,Fin Risk Trans & Restructuring,PROD STAFF,MS&P,LeaseController,Development,US,Consultant
Whitney,,,62-2324514,,tpreslandbu@telegraph.co.uk,Male,0,0,,Net Sourcing,Joined,FY14 P1,Fin Risk Trans & Restructuring,PROD STAFF,MS&P,LeaseController,Business Analyst,US,Consultant
Karlie,,,30-9436592,,hroskambv@deliciousdays.com,Female,0,0,,Net Sourcing,Joined,FY14 P1,Fin Risk Trans & Restructuring,PROD STAFF,MS&P,LeaseController,Business Analyst,US,Consultant
Kincaid,,,68-1024195,,nsemeredbw@amazon.co.uk,Male,0,0,,Net Sourcing,Joined,FY14 P1,Fin Risk Trans & Restructuring,PROD STAFF,MS&P,LeaseController,Business Analyst,US,Consultant
Jehanna,,,32-6979037,,plonghornbx@cdc.gov,Female,0,0,,Net Sourcing,Joined,FY14 P1,Fin Risk Trans & Restructuring,PROD STAFF,MS&P,LeaseController,Business Analyst,US,Consultant
Hermia,,,07-3042519,,rshinefieldby@businesswire.com,Female,0,0,,Net Sourcing,Joined,FY14 P1,Fin Risk Trans & Restructuring,PROD STAFF,MS&P,LeaseController,Business Analyst,US,Consultant
Lonnard,,,23-8632417,,mtaylerbz@intel.com,Male,0,0,,Net Sourcing,Joined,FY14 P1,Fin Risk Trans & Restructuring,PROD STAFF,MS&P,LeaseController,Business Analyst,US,Consultant
Mar,,,00-0058509,,fnotonc0@sun.com,Male,0,0,,Net Sourcing,Joined,FY14 P1,Fin Risk Trans & Restructuring,PROD STAFF,MS&P,LeaseController,Others,US,Consultant
Melisse,,,19-6939207,,warntzenc1@google.pl,Female,0,0,,Net Sourcing,Joined,FY14 P1,Fin Risk Trans & Restructuring,PROD STAFF,MS&P,LeaseController,Others,US,Consultant
Coletta,,,73-8803976,,mgoldingayc2@house.gov,Female,0,0,,Net Sourcing,Joined,FY14 P1,Fin Risk Trans & Restructuring,PROD STAFF,MS&P,LeaseController,Others,US,Consultant
Hubert,,,54-9202682,,bbartkiewiczc3@pcworld.com,Male,0,0,,Net Sourcing,Joined,FY14 P1,Fin Risk Trans & Restructuring,PROD STAFF,MS&P,LeaseController,Others,US,Consultant
Stesha,,,14-5211426,,mparcallc4@admin.ch,Female,0,0,,Net Sourcing,Joined,FY14 P1,Fin Risk Trans & Restructuring,PROD STAFF,MS&P,LeaseController,Others,US,Consultant
Benyamin,,,38-2108835,,ndawidowskyc5@about.me,Male,0,0,,Net Sourcing,Joined,FY14 P1,Fin Risk Trans & Restructuring,PROD STAFF,MS&P,LeaseController,Others,US,Consultant
Brade,,,51-4105996,,ljoanc6@shinystat.com,Male,0,0,,Net Sourcing,Joined,FY14 P1,Fin Risk Trans & Restructuring,PROD STAFF,MS&P,LeaseController,Others,US,Consultant
Blayne,,,08-9905968,,thatrickc7@techcrunch.com,Male,0,0,,Net Sourcing,Joined,FY14 P1,Fin Risk Trans & Restructuring,PROD STAFF,MS&P,LeaseController,Others,US,Consultant
Amberly,,,51-6357869,,dgeddisc8@rakuten.co.jp,Female,0,0,,Net Sourcing,Joined,FY14 P1,Fin Risk Trans & Restructuring,PROD STAFF,MS&P,LeaseController,Others,US,Consultant
Granville,,,71-9043537,,jkadwalliderc9@jigsy.com,Male,0,0,,Net Sourcing,Joined,FY14 P1,Fin Risk Trans & Restructuring,PROD STAFF,MS&P,LeaseController,Others,US,Consultant
Lannie,,,81-5913932,,hgaviganca@fda.gov,Male,0,0,,Net Sourcing,Joined,FY14 P1,Fin Risk Trans & Restructuring,PROD STAFF,MS&P,PARSE,Development,USI,Consultant
Carter,,,91-6828679,,marbucklecb@taobao.com,Male,0,0,,Net Sourcing,Joined,FY14 P1,Fin Risk Trans & Restructuring,PROD STAFF,MS&P,PARSE,Development,USI,Consultant
Leia,,,12-9590567,,psirlcc@bbc.co.uk,Female,0,0,,Net Sourcing,Joined,FY14 P1,Fin Risk Trans & Restructuring,PROD STAFF,MS&P,PARSE,Business Analyst,USI,Consultant
Elliot,,,12-9677625,,whollylandcd@cargocollective.com,Male,0,0,,Net Sourcing,Joined,FY14 P1,Fin Risk Trans & Restructuring,PROD STAFF,MS&P,PARSE,Development,US,Consultant
Derrick,,,70-0908787,,amcmasterce@studiopress.com,Male,0,0,,Net Sourcing,Joined,FY14 P1,Fin Risk Trans & Restructuring,PROD STAFF,MS&P,PARSE,Development,US,Consultant
Bennett,,,73-8862196,,bboulshercf@cdbaby.com,Male,0,0,,Net Sourcing,Joined,FY14 P1,Fin Risk Trans & Restructuring,PROD STAFF,MS&P,CarveOut,Development,USI,Consultant
Alasdair,,,00-3537352,,kdanskinecg@kickstarter.com,Male,0,0,,Net Sourcing,Joined,FY14 P1,Fin Risk Trans & Restructuring,PROD STAFF,MS&P,CarveOut,Development,USI,Consultant
Ransell,,,21-8060896,,dneliganch@1und1.de,Male,0,0,,Net Sourcing,Joined,FY14 P1,Fin Risk Trans & Restructuring,PROD STAFF,MS&P,CarveOut,Development,USI,Consultant
Rayshell,,,06-9554190,,aleekeci@narod.ru,Female,0,0,,Net Sourcing,Joined,FY14 P1,Fin Risk Trans & Restructuring,PROD STAFF,MS&P,CarveOut,Business Analyst,USI,Consultant
Ankit,,,9888765579,,verma.ankit429@gmail.com,Male,0,0,,Net Sourcing,Joined,FY14 P1,Fin Risk Trans & Restructuring,PROD STAFF,MS&P,CarveOut,Others,USI,Consultant
Anku,,,7986322365,,anklory0519@gmail.com,Male,0,0,,Net Sourcing,Joined,FY14 P1,Fin Risk Trans & Restructuring,PROD STAFF,MS&P,CarveOut,Development,US,Consultant
Glory,,,9501508772,,prabhjotglory19@gmail.com,Female,0,0,,Net Sourcing,Joined,FY14 P1,Fin Risk Trans & Restructuring,PROD STAFF,MS&P,CarveOut,Development,US,Consultant
